joke_num,text,true_label,llm_classification,confidence,llm_personal_funny,upvotes,downvotes,score
1,Chaparral ( ) is a shrubland plant community found primarily in the U,False,NO,10.0,NO,,,
2,Bye bye Kevin McCarthy My friends were reeling over the Diane FINEstein one. Help us political weirdos have a good laugh,True,NO,10.0,NO,21.0,0.0,21.0
3,A comedy film is a category of film which emphasizes humor,False,NO,10.0,NO,,,
4,Lexicology is the branch of linguistics that analyzes the lexicon of a specific language,False,NO,8.0,NO,,,
5,"20 years after Dave Matthews Band Chicago River incident On August 8, 2004, a tour bus belonging to the Dave Matthews Band dumped an estimated 800 pounds (360 kg) of human waste from the bus' blackwater tank through the Kinzie Street Bridge in Chicago onto an open-top passenger sightseeing boat sailing in the Chicago River below.",True,NO,8.0,NO,63.0,0.0,63.0
6,"Morocco is the northwesternmost country which spans from the Mediterranean Sea and Atlantic Ocean on the north and the west respectively, into large mountainous areas in the interior, to the Sahara desert in the far south",False,NO,8.0,NO,,,
7,drake and kendrick rap battle,True,NO,5.0,NO,24.0,0.0,24.0
8,"It takes 😧 1☝🏻second 🕥to fart💨 🍑 But 👀 it takes 10 🔟 😳 seconds 🕙 for the smell 💩😷 In life, 😌the work 💪💼 you do now 👇takes time😮‍💨 to show results👩‍🔬😩 Be patient 🙏🏻💯",True,NO,5.0,NO,163.0,0.0,163.0
9,Gypsy Rose Either about her being pregnant or just in general,True,NO,5.0,NO,3.0,0.0,3.0
10,"Friedrich August von Hayek ( , ; 8 May 189923 March 1992), often referred to by his initials F",False,NO,1.0,NO,,,
11,Can you PLEASE Make one for International Armadillo Day April 13th with a bunch of Armadillo Facts,True,NO,1.0,NO,7.0,0.0,7.0
12,"The Kingdom of Judah (, Yəhūdā; Ya'údâ [ia-ú-da-a-a]; Bēyt Dāwīḏ, ""House of David"") was an Israelite kingdom of the Southern Levant during the Iron Age",False,NO,1.0,NO,,,
13,"The metre (Commonwealth spelling) or meter (American spelling; see spelling differences) (from the French unit , from the Greek noun , ""measure"") is the base unit of length in the International System of Units (SI)",False,NO,1.0,NO,,,
14,REQUEST: Kate Middleton disappearance Plus the newly dropped photo of her where she looks like a wax dummy!,True,NO,1.0,NO,8.0,0.0,8.0
15,Meroitic may refer to: things related to the city and kingdom of Meroë in pre-Islamic Sudan Meroitic alphabet Meroitic language Language and nationality disambiguation pages,False,NO,1.0,NO,,,
16,"In computer science, merge sort (also commonly spelled as mergesort) is an efficient, general-purpose, and comparison-based sorting algorithm",False,NO,8.0,NO,,,
17,Help Can I get some help on creating an emojipasta for my friend whose brother recently passed away? I just want to make her laugh one time today 😔,True,NO,8.0,NO,10.0,0.0,10.0
18,Galilee (; ; ) is a region located in northern Israel and southern Lebanon,False,NO,8.0,NO,,,
19,"An electric current is a stream of charged particles, such as electrons or ions, moving through an electrical conductor or space",False,NO,1.0,NO,,,
20,Emoji pasta that’s just 😜👒💚,True,NO,1.0,NO,2.0,0.0,2.0
21,"Michael is a masculine given name derived from the Hebrew phrase mī kāʼēl, 'Who [is] like-El', in Aramaic: ܡܝܟܐܝܠ (Mīkhāʼēl )",False,NO,1.0,NO,,,
22,REQUEST: Italian-American Heritage Day,True,NO,3.0,NO,5.0,0.0,5.0
23,"The Lennon Wall or John Lennon Wall is a wall in Prague, Czech Republic",False,NO,3.0,NO,,,
24,Trump Shot ‼️ 💃🏼DIVA DOWN⬇️💃🏼‼️ CUM-VICTED 💦 FELON 🚨DONALD TRUMP 🍊HAS HAD AN ASS🍑 ASS🍑 INATION ATTEMPT 🤔 IN BUTT-LER 🍑 PENISYLVANIA 🍆 MULTIPLE LOADS 💦 WERE SHOT 🔫😏 AT HIS HEAD 😫 BUT THEY DID 🙅🏼‍♀️❌ NOT ❌🙅🏼‍♀️ SLAY 💅🏻💀 SEND THIS TO 5️⃣0️⃣ OF YOUR CUNTIEST 💁🏼‍♀️💅🏻 CUM-SERVATIVES 🐘❤️IF YOU GET 5️⃣0️⃣ BACK GRAB ✊🏻HER BY THE PUSSY 🙀 IF YOU GET 2️⃣5️⃣ BACK YOU DODGED 🏃‍♂️ THE BULLET 🚅 IF YOU GET 0️⃣ BACK YOU’RE NEXT 🫵🏻😧,True,NO,3.0,NO,77.0,0.0,77.0
25,Kenneth Macrae MacLeod (born 2 August 1954) is a Scottish science fiction writer,False,NO,1.0,NO,,,
26,Friday the 13th Do not stop reading🔦 or we will cum 💦💦for you. ITS Friday the 1️⃣3️⃣!! This👇🏼day is 🙆🏻unlucky😩QUICK‼️Get lucky bi 🍑sending➡️ this message 2 🔟of ur sexiest thots💦if u do👉🏼then u will get lucky everyday🗓in DICKCEMBER🍆🍆if🍆you🍆know👄what😫i💋mean…👀 watch out🏃🏽if u don’t send this 😨 then uR vape 🌬will not workANYMORE😵HURRY😳u only hav 5️⃣ minutes 2 sav ur 👄💨Vape and get sum🍆🍆dick in ur🍑😫😫😫this DICKCEMBER,True,NO,1.0,NO,16.0,0.0,16.0
27,International Cat Day (8/8),True,NO,1.0,NO,3.0,0.0,3.0
28,"April 🚿 Tools 🔩🥺 Day™️📅 Hiiii 👋😍😇 it's April ☺️✨️ Tools 🔨🔩😉 Day, 🌄📅🔞 April 😊✨️ Secunt. 🥈🍩😳 Twoday 👯‍♀️⏰️ I 🥺🤭😋 becum 😫🥴 your 🫵🥰🎁 tool 🔧⛓️🥺 to make 🏗️⚙️ you 🫵🥰👑 April ☺️✨️ shower. 🚰💦🥵 Remember ⚠️🧠🔐 to handle 🫴😫👌 with care 🤗💞 so your 🫵🥰🎁 tool 🔧⛓️🥺 doesn't 🚫🙅‍♀️ wear 🫠😵‍💫👙 out 😵💫😴 and lasts 🕙🤩❤️‍🔥 a long 😋📏😲 time! ⏳️😘🔂",True,NO,2.0,NO,8.0,0.0,8.0
29,"Sources for an understanding of dance in Europe in the Middle Ages are limited and fragmentary, being composed of some interesting depictions in paintings and illuminations, a few musical examples of what may be dances, and scattered allusions in literary texts",False,NO,2.0,NO,,,
30,The Charge of the Goddess (or Charge of the Star Goddess) is an inspirational text often used in the neopagan religion of Wicca,False,NO,2.0,NO,,,
31,Pink Friday 2 Can we get one for the Barbs? For Nicki Minaj’s release of Pink Friday 2 😍💕💕💓💓🎀👙🐽💄,True,NO,3.0,NO,6.0,0.0,6.0
32,Request: OJ Simpson Passing Please 🙏 create an OJ Simpson🌝 passing💀 away pasta 🍝,True,NO,3.0,NO,54.0,0.0,54.0
33,"Alaric I (; , , ""ruler of all""; ; c",False,NO,3.0,NO,,,
34,LET'S GO GAMBLING! LETS GO GAMBLING!! 😃😁 🎰TCH🎰TCH🎰TCH🎰 ❌RRRRRRR❌ 😔 AW DANG IT😢 🎰TCH🎰TCH🎰TCH🎰 ❌RRRRRRR❌ 😔 AW DANG IT😢 🎰TCH🎰TCH🎰TCH🎰 ❌RRRRRRR❌ 😔 AW DANG IT😢 🎰TCH🎰TCH🎰TCH🎰 ❌RRRRRRR❌ 😔 AW DANG IT😢 🎰TCH🎰TCH🎰TCH🎰 ❌RRRRRRR❌ 😔 AW DANG IT😢 🎰TCH🎰TCH🎰TCH🎰 ❌RRRRRRR❌ 😔 AW DANG IT😢 🎰TCH🎰TCH🎰TCH🎰 ❌RRRRRRR❌ 😔 AW DANG IT😢 🎰TCH🎰TCH🎰TCH🎰 ❌RRRR❌ 😔 AW😢,True,NO,8.0,NO,63.0,0.0,63.0
35,"The Politics of Chad take place in a framework of a presidential republic, whereby the President of Chad is both head of state and head of government",False,NO,8.0,NO,,,
36,"In particle physics, a fermion is a particle that follows Fermi–Dirac statistics and generally has half odd integer spin: spin 1/2, spin 3/2, etc",False,NO,8.0,NO,,,
37,study abroad in spain PLEASE,True,NO,3.0,NO,2.0,0.0,2.0
38,"Global illumination (GI), or indirect illumination, is a group of algorithms used in 3D computer graphics that are meant to add more realistic lighting to 3D scenes",False,NO,3.0,NO,,,
39,"Copypastas for Diwali! I only see the genuine and kind posts, I’m looking for one of the silly goofy dirty emoji copypasta for Diwali- thank you!!",True,NO,3.0,NO,5.0,0.0,5.0
40,"Advanced Micro Devices, Inc",False,NO,1.0,NO,,,
41,"Can I have one for an employee leaving a work group chat after no call no showing This girl I worked with loves these, she no called no show and in the middle of a work group chat she left the work group chat. So if anyone can think of something for this it be appreciated",True,NO,1.0,NO,8.0,0.0,8.0
42,"Lammas Day (Anglo-Saxon hlaf-mas, ""loaf-mass""), also known as Loaf Mass Day, is a Christian holiday celebrated in some English-speaking countries in the Northern Hemisphere on 1 August",False,NO,1.0,NO,,,
43,"The Commodore Amiga 1000, also known as the A1000 and originally marketed as the Amiga, is the first personal computer released by Commodore International in the Amiga line",False,NO,10.0,NO,,,
44,Rachel Gunn Olympics breakdancing performance,True,NO,10.0,NO,11.0,0.0,11.0
45,REQUEST: a note to leave on the car that keeps blocking my driveway Someone keeps parking and blocking my driveway and I'd love an emojipasta note I can print out to let them know they shouldn't do that ✨ thanks in advance!,True,NO,10.0,NO,18.0,0.0,18.0
46,"Kinglassie (Scottish Gaelic: Cill Ghlaise) is a small village and parish in central Fife, Scotland",False,NO,1.0,NO,,,
47,Government shutdown 🚨 🚨 UH OH 🚨 🚨 CUMGRESS 🏛️😩 couldn’t 🙅‍♂️FINISH🙅‍♀️ and it’s time 📅😬 for a government 👀🤩🤩SLUTDOWN 😵‍💫😵‍💫😵 your FEDS with BENEFITS ✅✅😩👀 NEED somewhere to 🤠 SHACK 🏠🫣 👍👉THEY👈 are 🫠FURLOUGHED 👎🤒but 🙇YOU 💁‍♀️ can get 🤔🫣 FUR-LAID 🫃😤 📩SEND📫😎THIS😜 to 1️⃣0️⃣ 🗿HOES 🇺🇸 with 💸GUARANTEED BACKPAY💰🤑for 🤣🤣GUARANTEED🥰 BACKSHOTS 🤩🤩😍,True,NO,1.0,NO,390.0,0.0,390.0
48,Blues is a music genre and musical form which was originated in the Deep South of the United States around the 1860s by African-Americans from roots in African-American work songs and spirituals,False,NO,1.0,NO,,,
49,Taco Bell cheezit collaboration,True,NO,3.0,,9.0,0.0,9.0
50,"In grammar, the ergative case (abbreviated ) is the grammatical case that identifies the noun as the agent of a transitive verb in ergative–absolutive languages",False,NO,3.0,,,,
51,Request: NYC earthquake 🌎 🥺🥺🥺 EDIT: So proud of the cummunity!,True,NO,3.0,,46.0,0.0,46.0
52,Klaus Maria Brandauer (; born Klaus Georg Steng; 22 June 1943) is an Austrian actor and director,False,NO,1.0,NO,,,
53,"The American National Standards Institute (ANSI ) is a private non-profit organization that oversees the development of voluntary consensus standards for products, services, processes, systems, and personnel in the United States",False,NO,1.0,NO,,,
54,"The Cornish Nationalist Party (CNP; ) is a political party, founded by Dr James Whetter, who campaigned for independence for Cornwall",False,NO,1.0,NO,,,
55,"Cameroon (, ), officially the Republic of Cameroon (), is a country in west-central Africa",False,NO,1.0,NO,,,
56,"Leather is a strong, flexible and durable material obtained from the tanning, or chemical treatment, of animal skins and hides to prevent decay",False,NO,1.0,NO,,,
57,"Request: Spring 🌸Cleaning🧹 A good emojipasta will definitely motivate me to clean, right???? 🙏🙏🙏",True,NO,1.0,NO,4.0,0.0,4.0
58,I just got engaged please I need an announcement I (26 f) have an 8 year long emojpasta chain text group chat with my college roommates from freshman year and I just got engaged please help me announce it to them! That would be so slay!,True,NO,3.0,NO,17.0,0.0,17.0
59,Request: 2:20 pm emergency alert / covid microchip activation,True,NO,3.0,NO,9.0,0.0,9.0
60,Blade Runner 2: The Edge of Human (1995) is a science fiction novel by American writer K,False,NO,3.0,NO,,,
61,"Nazi Germany used six extermination camps (), also called death camps (Todeslager), or killing centers (Tötungszentren), in Central Europe during World War II to systematically murder over 2",False,NO,10.0,,,,
62,Request: I am exercising my 1st amendment right to freedom of speech Body,True,NO,10.0,,2.0,0.0,2.0
63,Baltimore Bridge is a Baddie 😮‍💨 Oh say CUM you see. Help write one for the recently deceased Francis Scott Key Bridge,True,NO,10.0,,3.0,0.0,3.0
64,The Baron Vladimir Harkonnen () is a character from the Dune franchise created by Frank Herbert,False,NO,8.0,NO,,,
65,Request: your SSN data got leaked SPECIFICALLY send to one friend who had their data breached 😩🤪 and to remind them to freeze their credit,True,NO,8.0,NO,14.0,0.0,14.0
66,A calendar is a system of organizing days,False,NO,8.0,NO,,,
67,SUSSY 🍑 AMONGUS KAI 🌷💩 CENANT RIZZ IN 😛 👏 OHIO SUSSY 🍑 AMONGUS KAI 🌷💩 CENANT RIZZ IN 😛 👏 OHIO YOU'VE 👆☝ GYAT TO 🗣💰 BE 🏿🍆 RIZZING ME 💦 IN 🍑 OHIO RIGHT 💾 MEOW MAX PRESTIGE SUSSY IMPOSTER RARE ☯☯ ISHOWSPEED W 🅰 AMONG 💰💰 US ❤ IN 👏 GRIMACE GRIDDY IN 🔚🏽 👏👏 OHIO WITH 👏 ICE ❄❄ SPICE BUSSIN GYAT TENS DON'T 😡 TEXT 😳 SKIBIDI TOILET AT 🍆💯 3AM 24 🅱 HOUR 💯😪 💀 CHALLENGE 😱 🏋🏋 NOT 🤔 ⛔❌ CLICKBAIT ROBLOX 😮 🤞 FREE 🏇💜 ROBUX 💸💸 💸💸 NOT 🚫 A 🅱🅱 👌 SCAM WORKING ♀ 👐 2023,True,NO,1.0,NO,14.0,0.0,14.0
68,"Christopher Wolfgang Alexander (born 4 October 1936 in Vienna, Austria) is a widely influential British-American architect and design theorist, and currently emeritus professor at the University of California, Berkeley",False,NO,1.0,NO,,,
69,"In evolutionary biology, adaptive radiation is a process in which organisms diversify rapidly from an ancestral species into a multitude of new forms, particularly when a change in the environment makes new resources available, alters biotic interactions or opens new environmental niches",False,NO,1.0,NO,,,
70,"In computer science, an integer is a datum of integral data type, a data type that represents some range of mathematical integers",False,NO,2.0,NO,,,
71,request: can we get one for the NFL draft 2024?,True,NO,2.0,NO,6.0,0.0,6.0
72,"Dimmu Borgir () is a Norwegian symphonic black metal band from Jessheim, formed in 1993",False,NO,2.0,NO,,,
73,"Charles Mason Remey (15 May 1874 – 4 February 1974) was a prominent member of the early American Baháʼí community, and served in several important administrative capacities",False,NO,8.0,NO,,,
74,A dictatorship is a form of government characterized by a single leader (dictator) or group of leaders that hold government power promised to the people and little or no toleration for political pluralism or independent media,False,NO,8.0,NO,,,
75,MAKE BLACK SANTA 🎅🏿 A NEW EMOJI! OVERTHROW THE SOB EMOJI AND SKULL EMOJI! MAKE BLACK SANTA 🎅🏿 A NEW EMOJI! OVERTHROW THE SOB EMOJI AND SKULL EMOJI! SPREAD!,True,NO,8.0,NO,5.0,0.0,5.0
76,Events Pre-1600 393 – Roman emperor Theodosius I proclaims his eight-year-old son Honorius co-emperor,False,NO,2.0,NO,,,
77,REQUEST: Trump and Kamala Election Wins I want to have both prepped and ready to go for whenever a winner is called,True,NO,2.0,NO,8.0,0.0,8.0
78,Can someone create one for the end of my summer internship in fundraising?,True,NO,2.0,NO,3.0,0.0,3.0
79,NOT in the Emoji bar Exclusive Emojis🦲 🦱 🦰 🦳 🗨 🏻 🏼 🏽 🏾 🏿🧑‍🤝‍🧑🧑🏼‍🤝‍🧑🏼🧑🏽‍🤝‍🧑🏽🧑🏾‍🤝‍🧑🏾🧑🏿‍🤝‍🧑🏿♀️ ♂️ let me know if you find more.,True,NO,3.0,NO,4.0,0.0,4.0
80,A Doll's House (Danish and ; also translated as A Doll House) is a three-act play written by Norwegian playwright Henrik Ibsen,False,NO,3.0,NO,,,
81,"In cryptography, a block cipher is a deterministic algorithm operating on fixed-length groups of bits, called blocks",False,NO,3.0,NO,,,
82,Freeciv is a single- and multiplayer turn-based strategy game for workstations and personal computers inspired by the proprietary Sid Meier's Civilization series,False,NO,8.0,NO,,,
83,The calorie is a unit of energy,False,NO,8.0,NO,,,
84,I messed up big time with my gf and she wants to break up with me. Can you write me an apology please?,True,NO,8.0,NO,13.0,0.0,13.0
85,california shakeout drill pls🙏🙏🙏,True,NO,2.0,NO,3.0,0.0,3.0
86,Edmund Fitzgerald Sinking Nov 10th is the 48th anniversary of the sinking of the Edmund Fitzgerald on Lake Superior,True,NO,2.0,NO,16.0,0.0,16.0
87,Music lessons are a type of formal instruction in playing a musical instrument or singing,False,NO,2.0,NO,,,
88,Ides of march? Anyone have one or willing to make one? Thanks in advance,True,NO,3.0,NO,3.0,0.0,3.0
89,End of Pride Something about being the end of Pride month and illegal to be gay,True,NO,3.0,NO,18.0,0.0,18.0
90,Bundesrat is a German word that means federal council and may refer to: Federal Council (Austria) Bundesrat of Germany Federal Council (Switzerland) Bundesrat (German Empire) da:Forbundsrådet no:Forbundsrådet ru:Бундесрат sv:Förbundsrådet,False,NO,3.0,NO,,,
91,"The Cenozoic ( ; ) is Earth's current geological era, representing the last 66million years of Earth's history",False,NO,2.0,NO,,,
92,"Michael Polanyi (; ; 11 March 1891 – 22 February 1976) was a Hungarian-British polymath, who made important theoretical contributions to physical chemistry, economics, and philosophy",False,NO,2.0,NO,,,
93,"Control engineering or control systems engineering is an engineering discipline that deals with control systems, applying control theory to design equipment and systems with desired behaviors in control environments",False,NO,2.0,NO,,,
94,Request: Purim 🍽️Eat those 👀😈hamantaschen 🙀🍪,True,NO,3.0,,2.0,0.0,2.0
95,National Pickleball Day Give ‘em the pickle,True,NO,3.0,,4.0,0.0,4.0
96,Happy 😄😊 🕎😜 🌮 taco Tuesday. 😭 👦 Happy 😄😊 🕎😜 🌮 taco Tuesday. Taco dirty to 💦 💦 me!!! 👮😍 Get 👏 😩 ready 🤤 ✔✅ to 💦😘 get 💦🍌 🔟 your 👉👏 taco filled 💦💦 💦🔋 with 👬 meat 🍆😏 and 👏❤ 👏 sour cream. 🐄💦 🍨 Your 🙋 👆 slutty 👙 🍑 spicy 😫🍛 taco deserves 🎂🎂 to 💦💰 💦💦 be 💪 😡 ate. Open 🌊💋 your ⛓ 🏻😄 mouth 🙊👄 wide ➡➡ for 💯 ⌛💯 this 👈👇 fat 🐄 🐋🍑 meat 🍆🍗 taco. Taco it ✔ 😠😰 or 💰😤 leave 🤔💀 ♀ it. 🔜😂 ♀ Don’t let your taco fall 😻🍂 apart. 😭 👦,True,NO,3.0,,19.0,0.0,19.0
97,Iceland (; ) is a Nordic island country in the North Atlantic Ocean and the most sparsely populated country in Europe,False,NO,1.0,NO,,,
98,"Consumption may refer to: Resource consumption Tuberculosis, an infectious disease, historically Consumption (ecology), receipt of energy by consuming other organisms Consumption (economics), the purchasing of newly produced goods for current use also defined as the consuming of products Consumption function, an economic formula Consumption (sociology) of resources, associated with social class, identity, group membership, and age See also Consumerism",False,NO,1.0,NO,,,
99,¡🚨A T T E N T I O N🚨! ¡🚨A T T E N T I O N🚨! I 🫴repeat 🔈🔉🔊¡🚨🚨A T T E N T I O N🚨🚨📣📢❗️ Thank 🫵you 🙌👏for your👉attention🧠👏✅✅✅,True,NO,1.0,NO,26.0,0.0,26.0
100,Transgender Day of Visibility March 31 Requesting an emoji pasta for tomorrow (March 31) for the transgender day of visibility 🏳️‍⚧️ (also Easter Sunday lol),True,NO,3.0,,12.0,0.0,12.0
101,Spain in Flames is a 1937 compilation film made by Helen van Dongen during the Spanish Civil War,False,NO,3.0,,,,
102,Argentina Independence Day My besty is Argentinian and I want to make one super filthy icky and culturally relevant 💦🇦🇷 July 9,True,NO,3.0,,5.0,0.0,5.0
103,"Barry Morris Goldwater (January 2, 1909 – May 29, 1998) was an American politician, statesman, businessman, United States Air Force officer, and author who was a five-term Senator from Arizona (1953–1965, 1969–1987) and the Republican Party nominee for president of the United States in 1964",False,NO,10.0,NO,,,
104,"Gel electrophoresis is a method for separation and analysis of macromolecules (DNA, RNA and proteins) and their fragments, based on their size and charge",False,NO,10.0,NO,,,
105,The Detroit Lions are a professional American football team based in Detroit,False,NO,10.0,NO,,,
106,Any Covid anniversary chains? It’s been four years!,True,NO,3.0,NO,3.0,0.0,3.0
107,"International trade is the exchange of capital, goods, and services across international borders or territories because there is a need or want of goods or services",False,NO,3.0,NO,,,
108,Request: total solar eclipse 🌘🌑🌒 Getting a head start and formally submitting a request for the solar eclipse on April 8th 🫡,True,NO,3.0,NO,26.0,0.0,26.0
109,"Eschrichtiidae or the gray whales is a family of baleen whale (Parvorder Mysticeti) with a single extant species, the gray whale (Eschrichtius robustus), as well as three described fossil genera: Archaeschrichtius and Eschrichtioides from the Miocene and Pliocene of Italy respectively, and Gricetoides from the Pliocene of North Carolina",False,NO,1.0,NO,,,
110,"Lysator is an academic computer club at Linköping University, Sweden with almost 600 members",False,NO,1.0,NO,,,
111,"Genealogy () is the study of families, family history, and the tracing of their lineages",False,NO,1.0,NO,,,
112,"Gaius Cilnius Maecenas ( – 8 BC) was a friend and political advisor to Octavian, who later reigned as Augustus",False,NO,8.0,NO,,,
113,Request: RIP Liam Payne,True,NO,8.0,NO,17.0,0.0,17.0
114,Hail is a form of solid precipitation,False,NO,8.0,NO,,,
115,Cyprinidae is a family of freshwater fish commonly called the carp or minnow family,False,NO,2.0,NO,,,
116,"REQUEST: The DNC starts today The Democratic National Convention starts today, so I'm asking for an emojipasta about that, please.",True,NO,2.0,NO,19.0,0.0,19.0
117,REQUEST: Election Day in America 🙏🙏🙏,True,NO,2.0,NO,9.0,0.0,9.0
118,"HAPPY FIRST CONTACT DAY🖖 HAPPY FIRST CUM-TACT 🚀💦 DAY! Sit 🍑 on this BIG THROBBING MISSILE 🍆 with Zefram COCK-RING, run a TRAIN 🚞 with BIG DICK RIKER 🧔‍♂️ and GEORDI LA FUCK 🧑‍🦯 and BLOW a ROCKET LOAD 💣💥 into SPACE 🪐 THE FINAL FUCKTIER 💥 where some POINTY EARED 👂 POINTY DICKED 🍆 PERVERTS 🥵 are gonna go PON FARR ON THAT PUSSY 🐱 and give you a SPOCKER 🖖 two in the PINK two in the STINK 💩, go WARP SPEED 🚄 on DAT ASS 🥞 gonna STAR WRECK you to THE SEXT GENERATION",True,NO,10.0,,5.0,0.0,5.0
119,My Name is Ong My ⬅️ name ✍️ is Ong 👹👹👹 and I'm ☝️ the Ovatar 👏🌊🪨🔥💨 I ran 🏃🏃🏃 away 😲🤪 but 🍑☝️ I'm back now 😏😤😎💯,True,NO,10.0,,2.0,0.0,2.0
120,"Linear B is a syllabic script that was used for writing Mycenaean Greek, the earliest attested form of Greek",False,NO,10.0,,,,
121,"""Anthem of Europe"" is the anthem used by two organisations, the Council of Europe to represent the whole of Europe, and the European Union",False,NO,3.0,NO,,,
122,Nurses day?? Text for national nurse’s day?,True,NO,3.0,NO,2.0,0.0,2.0
123,"Help us move to our new apartment invitation, there will be pizza and drinks provided. 2nd and 3rd floor.",True,NO,3.0,NO,2.0,0.0,2.0
124,Please someone make one for 9/11 (it’s also my birthday),True,NO,8.0,,11.0,0.0,11.0
125,"Vwadimiw pls I 👁️ am nyot 🙅‍♂️ happy 😡 with the *boops your 👃* Wussian 🇷🇺 strikes 💣 on KYIV. Nyot 🚫 nyecessary, and vewy bad 👿 timing ⌚ . Vwadimiw, STOP?!! 5000 soldiers 🪖 a week awe dying 💀. Wets get *the boops your 👃* Peace ☮️ Deaw DONE!!11",True,NO,8.0,,21.0,0.0,21.0
126,"Jonathan Turner Meades (born 21 January 1947) is an English writer and film-maker, primarily on the subjects of place, culture, architecture and food",False,NO,8.0,,,,
127,. youn👦like👍🏽to 🧖‍♀️dance🕺come 🤣on 😎do ‼️the 🗽cha 🥂cha💃 shawty 🧂spanish🇪🇸 so ✉️she🕵️‍♀️ like 🤭 to 😜call 🤙me 😘pa😏 pa😶‍🌫️,True,NO,2.0,,3.0,0.0,3.0
128,"Unification or Death (, ), popularly known as the Black Hand (, ), was a secret military society formed in 1901 by officers in the Army of the Kingdom of Serbia",False,NO,2.0,,,,
129,Request: Fat Bear Week🐻 explore.org/fat-bear-week for details!,True,NO,2.0,,12.0,0.0,12.0
130,2024 Oscars (Academy Awards) 🙏🏼,True,NO,3.0,NO,7.0,0.0,7.0
131,The Armed Forces of the Republic of Moldova () consist of the National Army (which is divided into the Land Forces Command and the Air Forces Command) and the Trupele de Carabinieri under the Ministry of Internal Affairs,False,NO,3.0,NO,,,
132,The Speaker Formally of the House 🗣️👨‍⚖️SPEAK-A-LEAK🚫🏛️😩 😏HOW YOU LIKE IT CARTHY?🥳 🗣️WOULD YOU ⚖️VOTE IT📨FROM THE LEFT😇 🤣HOW YOU LIKE IT CARTHY?🤑 🗣️WOULD YOU 🗳️VOTE IT📩 FROM THE RIGHT?🥵 😤HOW YOU LIKE IT CARTHY?😎 🗣️FYNA 💯VOTE HIM OUT💯LIKE THAT🤯,True,NO,3.0,NO,4.0,0.0,4.0
133,Marc Léopold Benjamin Bloch (; ; 6 July 1886 – 16 June 1944) was a French historian,False,NO,1.0,NO,,,
134,An emoji pasta for law school graduation Willing to 🍆tip for a good one. Thank you!,True,NO,1.0,NO,13.0,0.0,13.0
135,Request: The northern lights please 🙏🏼,True,NO,1.0,NO,10.0,0.0,10.0
136,"Calypso refers to: Calypso (mythology), a nymph who, famously in Homer's Odyssey, kept Odysseus with her on her island of Ogygia for seven years",False,NO,8.0,NO,,,
137,"Confucianism, also known as Ruism, is a system of thought and behavior originating in ancient China",False,NO,8.0,NO,,,
138,New episode of Percy Jackson 🚨🚨 listen 🆙 Demi-SLUTS 🩵🩵🩵 It’s ✌🏼sday which 🧙‍♀️means there's a 💖NEW💖 PUSSY JACKSON 🐱episode on Disney 🐭➕🏰 DADDY HOE-SIDON 💦🌊💧I'd gunna DRENCH 😵‍💫🤪😩 us in his OLYMPIAN POWER 💥⚡️🚨⛈️ MEDUSA will make us 🗿🪨 HARD 🐍💁🏻‍♀️ GROV-HER will have us HORNY 🐏🐏📯 We are gonna turn up at HALF 🌗🅱️LUD🏕️ and bring glory 🕳️🍆😜😉 to the GODS. Bring ur golden 🏆🥇 drASSmus 🍑👋🏼 and let’s eat cheeseburgers 🍔 while we MASTER-BOLT ⚡️🥊 with ZEUS 🎅🏽💪🏼☁️,True,NO,8.0,NO,27.0,0.0,27.0
139,Anniversary of Steve Irwins death,True,NO,8.0,,3.0,0.0,3.0
140,Monkey *gasp* 😮😲 A cymbal playing 🎴 monkey!? 🐵 I 👥 need 👉 this for 👨 my 👊 collection!! 🤤 I'll 👩 hug 🤗 him 👴 and squeeze 🖖🏻 him 👴 and call 📱 him 🤭 Little 💖 Tom.,True,NO,8.0,,9.0,0.0,9.0
141,Ānanda (5th4th century BCE) was the primary attendant of the Buddha and one of his ten principal disciples,False,NO,8.0,,,,
142,9/11 emojipasta requests please,True,NO,3.0,NO,21.0,0.0,21.0
143,National Blueberry Popover Day (March 10) Anyone got a good one?,True,NO,3.0,NO,2.0,0.0,2.0
144,Request: Christmas for Jews Chinese food and movies,True,NO,3.0,NO,5.0,0.0,5.0
145,"In Western musical notation, a key signature is a set of sharp (), flat (), or rarely, natural () symbols placed on the staff at the beginning of a section of music",False,NO,2.0,NO,,,
146,REQUEST: birth of my child announcement I’m the friend in the group that always sends these so it’s only right to announce my first born this way. I’m due end of July/ early Aug TY!!!,True,NO,2.0,NO,25.0,0.0,25.0
147,"The dyne (symbol dyn, from ) is a derived unit of force specified in the centimetre–gram–second (CGS) system of units, a predecessor of the modern SI",False,NO,2.0,NO,,,
148,Jan 6 insurrection anniversary 🤪 (not in a positive light of course),True,NO,8.0,NO,13.0,0.0,13.0
149,"The bass guitar, electric bass or simply bass, is the lowest-pitched member of the guitar family",False,NO,8.0,NO,,,
150,cory booker filibuster first time making one of these HEY 👋🏻 STAR-SPANGLED 🇺🇸 SLUTS 🥵 SENATOR CORY BOOKER 👨🏾‍🦲FROM NEW 🆕 JERSEY JUST LASTED 😮‍💨 25 HOT 🥵 SWEATY 💧 SEXY 😏 HOURS 🕖 AND FILLABUSTED 🤯 THE SENATE 🏛️WARNING ⚠️ AGAINST HARM 🤺 UNDER TRUMP 🍊🤡 AND HIS TWINK ELON 🥱‼️ BOOKER RAISED ALARM ⏰ ABOUT CUTS ✂️ TO MEDICAID 😷 AND OVERCAME 💦 HIS EMOTIONS 😭 AND BOUNCED ON HIS FEET 🦶🏾🫦 TO MAKE HISTORY 📖 WITH HIS POWERFUL 💥 SPEECH 🎤 IN PROTEST 🪧 OF TRUMP’S 🍊🤡 AGENDA 🗓️,True,NO,8.0,NO,67.0,0.0,67.0
151,"Conan the Barbarian (also known as Conan the Cimmerian) is a fictional sword and sorcery hero who originated in pulp magazines and has since been adapted to books, comics, films (including Conan the Barbarian and Conan the Destroyer), television programs (animated and live-action), video games, and role-playing games",False,NO,1.0,NO,,,
152,FACEBOOK 📖 IS ☝️ DOWN 👎👎👎 HOW ⁉️ AM I 👵 SUPPOSED TO TELL 🗣️ RICKY 👨 THAT IM 👵 GOING 🛻 TO HIS 👨 HOUSE 🏠 LATER 🕓 TO 2️⃣ DROP OFF 🛻 SOME BROCCOLI 🥦 CASSEROLE 🎂 😤😤😤,True,NO,1.0,NO,35.0,0.0,35.0
153,NFL first NFL sunday please 🙏,True,NO,1.0,NO,8.0,0.0,8.0
154,St patty’s day Our favorite Irish 🇮🇪 drinking 🍺holiday is coming up 🍀,True,,,,3.0,0.0,3.0
155,There are a number of systems of transport in the Comoros,False,,,,,,
156,"Calorimetry is the science or act of measuring changes in state variables of a body for the purpose of deriving the heat transfer associated with changes of its state due, for example, to chemical reactions, physical changes, or phase transitions under specified constraints",False,,,,,,
157,"Multiple Virtual Storage, more commonly called MVS, was the most commonly used operating system on the System/370 and System/390 IBM mainframe computers",False,NO,3.0,NO,,,
158,"Welcome 😋 to Gboard clipboard, 📋 Welcome 😋 to Gboard clipboard, 📋 any 🚸 text 📲 you 👈 copy 👌 will 👊 be 🧠 saved here.Tap on 🔛 a clip to paste it in 😵 the text 📲 box.Use the edit 📑 icon to pin, 📍 add ➕ or delete 🔋😠 clips.Touch and hold 🛂 a clip to pin 📍 it. Unpinned clips will 🤲 be 📷 deleted ❌ after 👀 1 👸 hour. ⏳⌛",True,NO,3.0,NO,27.0,0.0,27.0
159,"What is bro yappin’ about? 😭😭🙏🏿 scribligin (yeahh) slipslop patywop (patywop) nibligin. Tweekatweeka (tweekatweeka🐦🐦) dribligin (dribligin).Flippity Skroot doop. Foo Foo, gibligan 🔥• Liggidy Lam (Lam, Lam) I eat the ham (I eat the Ham) Hickory Dickory Diggidy Flickity Ram (Ram) 🔥💯 Knick Knack Paddywhack bibiglin Boo (ooh) yeah. Fallah walla gabba gabba rabadaba gobaloba goo 🔥Scragalaga doo, scooby dooby doo 💯(RaAgGYy🐾🦴) o ohh my gawd. And like the duffle, bodalada shooby dooby duffle 🎶",True,NO,3.0,NO,12.0,0.0,12.0
160,Paris 2024 Olympics 🥇🥈🥉,True,NO,3.0,NO,16.0,0.0,16.0
161,Biting lip cum fake white drawn emoji Trying to find that meme you know the one where he’s biting his lip sexually bit of a cum face? Its drawn in like pencil with white backing same as the troll face,True,NO,3.0,NO,2.0,0.0,2.0
162,"In category theory, a branch of mathematics, a Grothendieck topology is a structure on a category C that makes the objects of C act like the open sets of a topological space",False,NO,3.0,NO,,,
163,"The politics of Brazil take place in a framework of a federal presidential representative democratic republic, whereby the President is both head of state and head of government, and of a multi-party system",False,NO,10.0,NO,,,
164,"Internetworking is the practice of interconnecting multiple computer networks, such that any pair of hosts in the connected networks can exchange messages irrespective of their hardware-level networking technology",False,NO,10.0,NO,,,
165,"Telecommunications in Jamaica include radio, television, fixed and mobile telephones, and the Internet",False,NO,10.0,NO,,,
166,REQUEST 🚨‼️ GUAM 🇬🇺 LIBERATION ✊🏽 DAY 📆 Can 🤔 someone put together a Guam Liberation Day 🇬🇺 themed dirty chain text? Please 🥺 & thanks 🙏🏽,True,NO,8.0,NO,10.0,0.0,10.0
167,"Alexandria is a city in Monroe Township, Madison County, Indiana, United States",False,NO,8.0,NO,,,
168,Presidential debate tonight,True,NO,8.0,NO,27.0,0.0,27.0
169,Start of Hurricane Season,True,NO,3.0,NO,6.0,0.0,6.0
170,"Akio Morita (January 26, 1921 – October 3, 1999) was a Japanese businessman and co-founder of Sony along with Masaru Ibuka",False,NO,3.0,NO,,,
171,"what happened to the emojifi bot that turned everything into emojies?? i remember a few years ago there was a bot where you could do like !emoji or something and it would turn everything into an emoji copy pasta. Does anyone remember and know how to do it? &#x200B; also what happened to the cummy bot? i remember this sub used to be pretty fun like a few years ago with that bot, but now its suspended. What happened?",True,NO,3.0,NO,12.0,0.0,12.0
172,"Female genital mutilation (FGM), also known as female genital cutting, female genital mutilation/cutting (FGM/C) and female circumcision, is the ritual cutting or removal of some or all of the external female genitalia",False,NO,10.0,,,,
173,mental health awareness month funny chain text needed for my homies who suffer 🙏 i’ll legit venmo for this pls,True,NO,10.0,,17.0,0.0,17.0
174,"Islamic eschatology is the aspect of Islamic theology incorporating the beliefs and the Islamic eschatological narrative regarding signs of tribulation, the end of the world, and afterlife with the resurrection of the dead, the final judgment, and the eternal division of the righteous and the wicked",False,NO,10.0,,,,
175,Looking for a Holi emoji copy pasta Thanks in advance,True,NO,8.0,NO,8.0,0.0,8.0
176,"Rap Beef BBL Drizzy, size 7 Kenny, etc.",True,NO,8.0,NO,2.0,0.0,2.0
177,Letter to my landlord My friend has been overpaying his rent for the entire year. I need an emoji letter he can send his landlord to get that money BACK!!!! 😩,True,NO,8.0,NO,14.0,0.0,14.0
178,Stick figure emoji Does anyone know how to make a stick figure emoji on keyboard with letters or different languages or even special characters ? I can't figure it out so wondering if anyone does since I have no clue how to.,True,NO,3.0,NO,2.0,0.0,2.0
179,dayton flyers losing march madness all my friends go to dayton and since they lost. I wanna be able to cheer them up!,True,NO,3.0,NO,3.0,0.0,3.0
180,"The politics of Mayotte takes place in a framework of a French overseas region and department, until 2011 an overseas collectivity",False,NO,3.0,NO,,,
181,teacher appreciation week,True,NO,3.0,NO,11.0,0.0,11.0
182,"GEN ALPHA AKA BRAINROT LINGO Pull up, brr 💥gyatt 🍑Kai cenat 😈on god 🌌 Ohio🇺🇸 rizz 😏 fanum tax 💵rizzler 🕺 adin ross 🎮Skibidi toilet 🚽 lore 📖sigma ☕️flex 💪🏻Timothy chalamet 💅🏻 snack 🤤 W 👑👅sussy baka 📸🤨 MOD 🤖OPPS 🔫",True,NO,3.0,NO,12.0,0.0,12.0
183,"The M81 Group is a galaxy group in the constellations Ursa Major and Camelopardalis that includes the galaxies Messier 81 and Messier 82, as well as several other galaxies with high apparent brightnesses",False,NO,3.0,NO,,,
184,A kistvaen or cistvaen is a tomb or burial chamber formed from flat stone slabs in a box-like shape,False,NO,8.0,NO,,,
185,"David Keith Lynch (born January 20, 1946) is an American filmmaker, painter, visual artist, actor, musician, and writer",False,NO,8.0,NO,,,
186,Kevin McCarthy retirement announcement (request) Request!!,True,NO,8.0,NO,33.0,0.0,33.0
187,Request: Appomattox Day (end of US Civil War),True,NO,3.0,,2.0,0.0,2.0
188,Biden dropped out YOU THINK 🤔💭 YOU JUST FELL ⬇️ OUT OF THE COCONUT TREE❓️🥥🌴 JOSEPH ROBINETTE BIDEN 👴 JUST FELL ⬇️ OUT OF THE 2️⃣0️⃣2️⃣4️⃣ ELECTION. HOPEFULLY 🤔 WE CAN STILL EXIST 🧍‍♂️ IN THE CONTEXT 💭 OF A FUNCTIONING DEMOCRACY 🦅 AND AVOID TRUMP'S 🍊 CUMMIES 😵‍💫💦 WHO DO YOU 🫵 THINK 🤔 WILL REPLACE GRANDDADDY BIDEN ❓️🤔💦,True,NO,3.0,,48.0,0.0,48.0
189,The Book of Amos is the third of the Twelve Minor Prophets in the Old Testament (Tanakh) and the second in the Greek Septuagint tradition,False,NO,3.0,,,,
190,"In the history of Europe, the Middle Ages or medieval period lasted approximately from the 5th to the late 15th centuries, similar to the post-classical period of global history",False,NO,1.0,NO,,,
191,"Forgot my birthday All my friends forgot my birthday yesterday, would love a horny emoji roast to send them!",True,NO,1.0,NO,3.0,0.0,3.0
192,Request: The Masters Plz & thx!,True,NO,1.0,NO,11.0,0.0,11.0
193,toby queef passing 🙏🏼,True,NO,3.0,NO,9.0,0.0,9.0
194,HOE👴🏻BIDEN🍆HAS REACHED THE CLIMAX 🍆💦 OF HIS PRESI-DICK-CY 🍆🍆🍆 ITS TIME FOR AMERICAS FIRST SLUT 💅🙋‍♀️ HOE-TUS HOE👴🏻BIDEN🍆HAS REACHED THE CLIMAX 🍆💦 OF HIS PRESI-DICK-CY 🍆🍆🍆 ITS TIME FOR AMERICAS FIRST SLUT 💅🙋‍♀️ HOE-TUS 💁‍♀️ YOU THINK YOU FUCKED OUT OF A COCO-NUT 💦🥥 TREE 🍃? YOU SEX-IST IN THE CONTEXT OF EVERYTHING THAT HAS CUM💦💦💦BEFORE YOU!🥴👴🏻 GET READY FOR THE DEMOCRATIC CUMVENTION SLUTS!!! 💦🍆🍑🥥💃 CUMALA 2020-WHORE,True,NO,3.0,NO,5.0,0.0,5.0
195,"Ebor is a village on Waterfall Way on the Northern Tablelands in New South Wales, Australia",False,NO,3.0,NO,,,
196,Request: Daylight saving time 😏 thanks yall,True,NO,3.0,NO,10.0,0.0,10.0
197,Coldcut are an English electronic music duo composed of Matt Black and Jonathan More,False,NO,3.0,NO,,,
198,My brain cells ran away #1 My brain 🧠 cells 🤸 ran 🏃 away 😂 when I saw 👀👁️😮 this I 🎷 was playing club penguin 🐧 legacy and when 💕 I 😊 go 👉 AFK and put 🚮 my 💯💯 pizza 🍕 in the microwave while this song 🦞 is playing 🎮 it exploded and my 😊 computer 📀 really 😧🔔 didnt 🤽‍♀️ now I'm sad 😫 that my 🚫 pizza 🍕 is burnt to a crisp,True,NO,3.0,NO,12.0,0.0,12.0
199,"Niue is a small, oval island in the South Pacific Ocean, to the east of Tonga",False,NO,8.0,NO,,,
200,Jimmy Carter’s 100th birthday (it’s tomorrow),True,NO,8.0,NO,42.0,0.0,42.0
201,"Request: Emojipasta to celebrate my stepfather becoming a naturalized citizen Naturalized citizen of the US, that is. Formerly of Canada.",True,NO,8.0,NO,4.0,0.0,4.0
202,"Advent season (request) I’m early to this, but I’d love an emoji pasta for the season of Advent!",True,NO,3.0,NO,4.0,0.0,4.0
203,"OH NO🙈😱MARTIAL LAW🤪🤠 OH NO🙈😱MARTIAL LAW🤪🤠 TANKS🚓💥and ARMED SOLDIERS💣roll in while LAWMAKERS🧯🔥 climb walls 🧗‍♂️ spray fire💨 at soldiers🥴 CHAOS everywhere 🌪️👀 Parliament SHUTS IT DOWN❌📜190-0🗳️🔥 IMPEACHMENT LOOMS 💼👀 YOON SUK YEOL 🤮🤮MORE LIKE YOON SUCK Y’ALL 🤣😜👅Send this to your KIMCHI DADDIES 🥬📲💌—get 10 back, and YOU'RE the PRESIDENT💣👑! Get less than 5? BLUMPKIN PIE FOR YOU 🍰😵 Only 1 back? YOU’RE STUCK IN THE DMZ🌏💀⛓️!",True,NO,3.0,NO,37.0,0.0,37.0
204,"In mathematics, a binary relation associates elements of one set, called the domain, with elements of another set, called the codomain",False,NO,3.0,NO,,,
205,"David Abercromby was a 17th-century Scottish physician and writer, thought to have died in 1702",False,NO,8.0,NO,,,
206,giving 💅🌈 tuesday HEY 👋 SISTERS 👯‍♀️🌈‼️ Know 🤔 what day 🗓 it is today? 📍 It's the second ✌️ day of the 💼 💅 WERK🌈 week following 🙏🦃 Thanksgiving... ✨️🌈💅IT'S GIVING... TUESDAY💅🌈✨️ Today is all about 💦💵GENEROSITY 🤤🍆‼️ With your charitable 💦💵CUMtributions💦 you can show 👉 your 💵 appreciation 📈 for the 👯‍♀️ DIVAS 👯‍♀️ who are 💅💃SERVING 💅🌈 our community 🌆 and our world 🌎 every day. TODAY is the 🤤BIGGEST🍆‼️ fundraising day of the ❄️ season⛄️ so help the ORG(ie)s 💦 you care about 🌱GROW💦,True,NO,8.0,NO,23.0,0.0,23.0
207,Request: National Crab Rangoon Day Feb 13 is national crab rangoon day,True,NO,8.0,NO,8.0,0.0,8.0
208,Gay Uncle Day!! pls i need to annoy my sister and BIL,True,,7.0,YES,5.0,0.0,5.0
209,National Doctor's Day 3/30/24. pleaseeee,True,,7.0,YES,4.0,0.0,4.0
210,September 🌆 Requests 🙏 Thread 🧵 Requests 🙏 should 🏛️ go 🚶 into 🇳2️⃣ the 🥵 requests 🙏🙏 thread 🧵 stickied 📌 to 2️⃣ the 🥵 front 👆 of 📴 the 🥵 sub. 🥪 The 🥵 resulting 💪 pasta 🍝 can 🥫 be 🅱️ submitted 💾 to 2️⃣ the 🥵 sub 🥪 as 🍑 a 🅰️ separate ↔️ post. 📰,True,,7.0,YES,11.0,0.0,11.0
211,"was the 58th emperor of Japan, according to the traditional order of succession",False,NO,2.0,NO,,,
212,Can someone 🙏🏻 interpret for me? Got this from a 🧔🏻‍♂️ I’ve been flirting with. Can someone please interpret? I get the gist but curious what others think. 😏📸🔥➡️🥂🍷❤️‍🔥🏃‍♂️💨🍆🌮,True,NO,2.0,NO,6.0,0.0,6.0
213,Francium is a chemical element with the symbol Fr and atomic number 87,False,NO,2.0,NO,,,
214,"Charlotte Brontë (, commonly ; 21 April 1816 – 31 March 1855) was an English novelist and poet, the eldest of the three Brontë sisters who survived into adulthood and whose novels became classics of English literature",False,NO,10.0,NO,,,
215,"Politics of Macau is a framework of a politically constrained multi-party presidential system, dominated by the People's Republic of China",False,NO,10.0,NO,,,
216,"As a densely populated country in a central location in Europe and with a developed economy, Germany has a dense and modern transport infrastructure",False,NO,10.0,NO,,,
217,"SVU In 📥 the criminal 🦹🏻‍♂️ justice 👩🏾‍⚖️ system ⚙️, sexually 👉👌 based 🅱️ offenses ❌ are considered 💭 especially ‼️ heinous 🙅🏼. In 📥 New ✨ York City 🏙️, the dedicated🧎🏾‍♂️‍➡️detectives 🕵🏻‍♀️ who 👀 investigate 🔬 these 🫵 vicious 🤬 felonies 🚔 are members 🍆 of an elite 🏆 squad 🏘️ known 🧐 as the Special 🌈 Victims 🥺 Unit 📦. These 🤲 are their 🧑‍🧑‍🧒‍🧒 stories 📚",True,,8.0,,17.0,0.0,17.0
218,Christoph Ludwig Agricola (5 November 1665 – 8 August 1724) was a German landscape painter and etcher,False,,8.0,,,,
219,Secret Santa request I’m in charge of my friends’ secret Santa each year and I was hoping someone had a good emojipasta I could send with the messages this year! Ty 🙏,True,,8.0,,5.0,0.0,5.0
220,Marine Corps Birthday Could we get one for the USMC birthday Nov 10th?,True,NO,3.0,NO,10.0,0.0,10.0
221,"Gnaeus Domitius Afer (died 59) was a Roman orator and advocate, born at Nemausus (Nîmes) in Gallia Narbonensis",False,NO,3.0,NO,,,
222,are a broad range of Japanese percussion instruments,False,NO,3.0,NO,,,
223,Liberian foreign relations were traditionally stable and cordial throughout much of the 19th and 20th centuries,False,,,,,,
224,"West Flemish (West-Vlams or West-Vloams or Vlaemsch (in French-Flanders), , ) is a collection of dialects spoken in western Belgium and the neighbouring areas of France and Netherlands",False,,,,,,
225,International Falafel Day,True,,,,12.0,0.0,12.0
226,"Amsterdam ( , , ) is the capital and most populous city of the Netherlands; with a population of 872,680 within the city proper, 1,558,755 in the urban area and 2,480,394 in the metropolitan area",False,NO,1.0,NO,,,
227,Ancient Egyptian religion was a complex system of polytheistic beliefs and rituals that formed an integral part of ancient Egyptian culture,False,NO,1.0,NO,,,
228,💬🔇🤬annoying 💬🔇🤖😡 📺🟠🤦‍♂️🤮🔇🤖 🏥💰✂️🤮🔇🤖 🗿💰🚀🏌️‍♂️⛽️🟠🤑🤑🤑🤮🔇🤖 👨‍❤️‍👨🏥📡🔭💉🏳️‍🌈👨‍🏫👨‍🔬👨‍🚒👨‍✈️💰✂️🤵🏼‍♂️🟠🤑🤑🤑 🤵🏼‍♂️🤵🏻‍♂️🤴👸👨‍⚖️💰🤑🤑🤑📈 👶👧👦👩👨👩‍🦱🧑‍🦰👱‍♀️👵🧑‍🧑‍🧒🧑‍🧑‍🧒‍🧒🧑‍🧒🧑‍🧒‍🧒🚻🍽️📉🔇,True,NO,1.0,NO,5.0,0.0,5.0
229,REQUEST: Ohio has voted to add abortion rights to its state constitution PLEASE I love using this format to give my friends news updates. they hate it so much.,True,NO,8.0,,55.0,0.0,55.0
230,"The terms foobar (), foo, bar, baz, and others are used as metasyntactic variables and placeholder names in computer programming or computer-related documentation",False,NO,8.0,,,,
231,It’s September 11th STATE OF EMERJIZZCY 💦 ITS 9/11 ✈️🌇 INFIDELS 👳🏾‍♂️ HAVE HIT 😩 THE BIG 🫣🫦 TWIN TOWER 🍆OH NO 😱 EXPLOSION 💦AT THE SECOND TOWER 😭 DOUBLE PENETRATION 🍆❌2️⃣AT THE WORLD TRADE CENTER 👉🏻👌🏼 LETS CUM 😜💦 TOGETHER AS A CUNTRY 😳🇺🇸TO KICK THE INFIDELS 🦵🏾👳🏾‍♂️ ASSES 🍑😏 SEND THIS TO 6️⃣9️⃣ OF DADDY BUSH’S(BUSH⁉️😳) MOST LOYAL PATRITITS 🎆 🍉 OR THE FBI(FEMALE BODY INSPECTOR😂🤣) WILL ARREST YOU FOR INSERECTION 🫡 😛,True,NO,8.0,,24.0,0.0,24.0
232,Three kings day Can I get a chain text for three kings day?,True,NO,3.0,NO,2.0,0.0,2.0
233,REQUEST: Anything for Yom Kippur,True,NO,3.0,NO,8.0,0.0,8.0
234,Crowdstrike/microsoft tech issue grounding flights,True,NO,3.0,NO,14.0,0.0,14.0
235,"In digital logic and computing, a counter is a device which stores (and sometimes displays) the number of times a particular event or process has occurred, often in relationship to a clock",False,NO,2.0,NO,,,
236,The European Union (EU) is a political and economic union of member states that are located primarily in Europe,False,NO,2.0,NO,,,
237,trump shot? this needs to be how my friends find out,True,NO,2.0,NO,186.0,0.0,186.0
238,Fitness Legend Richard Simmons Dead at 76,True,NO,8.0,,8.0,0.0,8.0
239,"In cryptography, the International Data Encryption Algorithm (IDEA), originally called Improved Proposed Encryption Standard (IPES), is a symmetric-key block cipher designed by James Massey of ETH Zurich and Xuejia Lai and was first described in 1991",False,NO,8.0,,,,
240,"Achill Island (; ) in County Mayo is the largest of the Irish isles, and is situated off the west coast of Ireland",False,NO,8.0,,,,
241,"Alypius of Antioch was a geographer and a vicarius of Roman Britain, probably in the late 350s AD",False,NO,8.0,NO,,,
242,Events Pre-1600 590 – Emperor Maurice proclaims his son Theodosius as co-emperor of the Byzantine Empire,False,NO,8.0,NO,,,
243,"In computer science, the analysis of algorithms is the process of finding the computational complexity of algorithms—the amount of time, storage, or other resources needed to execute them",False,NO,8.0,NO,,,
244,4th of julyyy 🇺🇸 let’s see this creativity flow as wet as ur coochie,True,NO,8.0,,11.0,0.0,11.0
245,Applied ethics refers to the practical application of moral considerations,False,NO,8.0,,,,
246,"The European Broadcasting Union (EBU; , UER) is an alliance of public service media organisations, established on 12 February 1950",False,NO,8.0,,,,
247,"Lavr Georgiyevich Kornilov (, ; – 13 April 1918) was a Russian military intelligence officer, explorer, and general in the Imperial Russian Army during World War I and the ensuing Russian Civil War",False,NO,10.0,NO,,,
248,An exon is any part of a gene that will form a part of the final mature RNA produced by that gene after introns have been removed by RNA splicing,False,NO,10.0,NO,,,
249,Mirror mirror Mewer🪞Mewer😛on the🥳wall💭whose the🦅most skibidi🚽of them all🤔,True,NO,10.0,NO,10.0,0.0,10.0
250,Johannes Rau (; 16 January 193127 January 2006) was a German politician (SPD),False,NO,1.0,NO,,,
251,Arianism is a nontrinitarian Christological doctrine,False,NO,1.0,NO,,,
252,"Cetaceans (from , from , sea monster) are aquatic mammals constituting the infraorder Cetacea (), including whales, dolphins, and porpoises",False,NO,1.0,NO,,,
253,National Cream-Filled Donut Day 9/14 🙏 🍩 💦,True,NO,3.0,NO,9.0,0.0,9.0
254,yom kippur horny text chain pls🙏🙏🙏,True,NO,3.0,NO,2.0,0.0,2.0
255,"Wright Brother’s day Happy ⛄ Daddy 😘😍 Wright Brother’s 👨 day 🌞💐 from 👉 one 1️⃣ FREAKquent flier to another. 4️⃣ They 💁 may 🌌 have 🔵😤 altered aerospace history, 📜 but YOU 👀👈 altered ally-space HERstory with your 🚹 own panty dropping 👄🍑 mechanical 🤖🦾 propeller. Hope 🏿🙏 someone 💀 takes 💅 you 👈🏼😂👉🔥 down 🔽⤵️🔽⤵️🔽⤵️ to the KITTY 🐱 hawk dunes and shows 📺📦 you 🤟 twelve 🕧 seconds 🥈🥈🥈 of sky 🤡 high 🔊 PLEASURE. 🙏 Send 🔥 this to 10 of your 🍆 best 🏆🥇 WINGwomen or be 🐝 faced 👦 with a ROUGH ✋🏼 landing. 🛬",True,NO,3.0,NO,15.0,0.0,15.0
256,"😭ATTENTION😭PLEASE😭 😭guys😭if😭you😭receive😭an😭email😭saying😭""yaoi😭pictures😭of😭inhun""😭DONT😭open😭it😭it😭is😭a😭virus😭that😭puts😭crying😭emojis😭between😭everything😭you😭type😭",True,NO,8.0,NO,2.0,0.0,2.0
257,"Filioque ( ; ) is a Latin term (""and from the Son"") added to the original Niceno-Constantinopolitan Creed (commonly known as the Nicene Creed), and which has been the subject of great controversy between Eastern and Western Christianity",False,NO,8.0,NO,,,
258,Destroy Dick December,True,NO,8.0,NO,14.0,0.0,14.0
259,Cosmicomics () is a collection of twelve short stories by Italo Calvino first published in Italian in 1965 and in English in 1968,False,NO,1.0,NO,,,
260,Five-spice powder () is a spice mixture of five or more spices used predominantly in almost all branches of Chinese cuisine,False,NO,1.0,NO,,,
261,NO. ❌ FORFEIT‼️🏳️ NEW ALT 🥸 NO. ❌ FORFEIT‼️🏳️ NEW ALT 🥸 I’m not doin that 🙅🏼‍♂️ I’m not doing that for 40 points 🤬 at low ladder. There’s no way im going to play that one 😷 GO AHEAD 🤡 you’re not making reqs anyway buddy 🤣🫵🏻 Youre gonna lose to Gyarados 🐉🌊when you get to 1550 📉you’re gonna lose to 5 Gyarados’s in a row💀,True,NO,1.0,NO,5.0,0.0,5.0
262,"The end zone is the scoring area on the field, according to gridiron-based codes of football",False,NO,3.0,NO,,,
263,Hurricane Beryl needed,True,NO,3.0,NO,5.0,0.0,5.0
264,Wendy saucy nuggs An emoji pasta for the new Wendy’s saucy nuggs ☺️,True,NO,3.0,NO,4.0,0.0,4.0
265,Biconditional elimination is the name of two valid rules of inference of propositional logic,False,NO,8.0,NO,,,
266,Cardinal vowels are a set of reference vowels used by phoneticians in describing the sounds of languages,False,NO,8.0,NO,,,
267,"The Deseret alphabet (; Deseret: or ) is a phonemic English-language spelling reform developed between 1847 and 1854 by the board of regents of the University of Deseret under the leadership of Brigham Young, the second president of The Church of Jesus Christ of Latter-day Saints (LDS Church)",False,NO,8.0,NO,,,
268,Request: National Coffee day,True,NO,2.0,NO,4.0,0.0,4.0
269,"Susan Crawford wins in Wisconsin 🗳💅 The SPRUNG🌱 ERECTION🗳 has CUM😩 and gone🎠, here in the VADGER🦡 STATE🧀, and results are IN📥! SusANUS CRAWFORD🦐 will be the next Justice👩‍⚖️ of the state Supreme CLIT🏛! AmeriCOCK’s🇱🇷 Dairyland🐄 keeps its liberal majWHOREity, setting the stage for fair maps📍 and reproDICKtive rights✊️! L📉 Ron🗑 Musky🤮 tried to buy this seat💰, but that WISCUSSY proved to be too pricey🤑 for Apartheid Clyde🇿🇦. Time to say BYE BYE👋, BB👶 to Brad and Brittany🚮💅!",True,NO,2.0,NO,34.0,0.0,34.0
270,Coin collecting is the collecting of coins or other forms of minted legal tender,False,NO,2.0,NO,,,
271,Request: Ron DeSantis dropping out ❤️,True,NO,8.0,,38.0,0.0,38.0
272,"👽☝🏻My fellow Americans 🇺🇸as a young boy 👦🏻I dreamed 💭 of being a baseball ⚾️. But tonight 🌕 I say we must move forward 👉🏻not backward👈🏻, Upward 👆🏻not forward👉🏻👉🏻, and always twirling💃🏼, twirling💃🏼, TWIRLING 💃🏻toward FREEDOM 🇺🇸",True,NO,8.0,,5.0,0.0,5.0
273,New Fortnite Season 👀🫣 Someone has to create a banger for the marvel season lmao,True,NO,8.0,,7.0,0.0,7.0
274,NYC pride and/or dyke march,True,NO,3.0,NO,4.0,0.0,4.0
275,my 21st birthday (i’m a woman) someone make a 21st bday one! it’s my birthday and wanna be able to annoy my friends a little more!,True,NO,3.0,NO,4.0,0.0,4.0
276,JOE BI🏳️‍🌈DEN👴 HAS OFFICIALLY‼️ FALLEN OUT😱 OF THE TREE🌴 JOE BI🏳️‍🌈DEN👴 HAS OFFICIALLY‼️ FALLEN OUT😱 OF THE TREE🌴 AND KAMALA’S COCONUTS🥥 ARE RUNNING 🏃‍♀️FOR PRESI-CUNT🥵 THIS FALL🍂 SO BE PREPARED😳 TO VOTE🗳️ FOR THE CUNT🍑TEXT📚 OF ALL💯 IN WHICH YOU FUCK😫🥵 AND WHAT CAME💦 IN YOU🫵 AND SAVE US 🙏FROM ONE EAR👂 DONALD👹. SEND THIS TO 4️⃣7️⃣ OF YOUR CLOSEST CUMRAGS💦 TO BLESS CUMALA 👑AND HER COCONUTS🥥,True,NO,3.0,NO,61.0,0.0,61.0
277,"Transport in the Czech Republic relies on several main modes, including transport by road, rail, water and air",False,NO,8.0,NO,,,
278,"I 👀 am 😔 a bot, 🤖 I 👀 am 😔 a bot, 🤖 and this action 🎬 was performed 💃🏽 automatically. 🤖 Please 🙏😒 contact 📞 the moderators 🧮 of this subreddit ⤵️ if you 🤖 have 🈶 any 🈸 questions ❓ or concerns. 👇",True,NO,8.0,NO,6.0,0.0,6.0
279,Stock market and crypto crash,True,NO,8.0,NO,12.0,0.0,12.0
280,Sandra Day O’Connor Passing,True,NO,3.0,NO,6.0,0.0,6.0
281,Request: Palm Sunday 🤪,True,NO,3.0,NO,5.0,0.0,5.0
282,Record Store Day 2024 📀,True,NO,3.0,NO,11.0,0.0,11.0
283,Urgent Request: NYC Mayor Eric Adams indicted,True,NO,8.0,,88.0,0.0,88.0
284,Digital video is an electronic representation of moving visual images (video) in the form of encoded digital data,False,NO,8.0,,,,
285,The International Standard Book Number (ISBN) is a numeric commercial book identifier that is intended to be unique,False,NO,8.0,,,,
286,REQUEST: Invite to my birthday party at a karaoke bar!,True,NO,3.0,,9.0,0.0,9.0
287,"Moses () is considered the most important prophet in Judaism and one of the most important prophets in Christianity, Islam, the Druze faith, the Baháʼí Faith and other Abrahamic religions",False,NO,3.0,,,,
288,An intron (for intragenic region) is any nucleotide sequence within a gene that is removed by RNA splicing during maturation of the final RNA product,False,NO,3.0,,,,
289,"Alp Arslan (honorific in Turkic meaning ""Heroic or Great Lion""; in ; Arabic epithet: Diyā ad-Dunyā wa ad-Dīn Adud ad-Dawlah Abu Shujā' Muhammad Ālp Ārslan ibn Dawūd, ; 20 January 1029 – 24 November 1072), real name: Muhammad bin Dawud Chaghri, was the second Sultan of the Seljuk Empire and great-grandson of Seljuk, the eponymous founder of the dynasty",False,NO,1.0,NO,,,
290,NATIONAL MARGARITA DAY pls,True,NO,1.0,NO,6.0,0.0,6.0
291,Request for Bonnaroo music festival ❤️❤️❤️,True,NO,1.0,NO,5.0,0.0,5.0
292,Request: International Left Handers Day,True,NO,2.0,NO,7.0,0.0,7.0
293,Hogmanay (; ) is the Scots word for the last day of the old year and is synonymous with the celebration of the New Year in the Scottish manner,False,NO,2.0,NO,,,
294,The Hudson's Bay Company (HBC; ) is an American-owned retail business group,False,NO,2.0,NO,,,
295,OJ Simpson’s death copypasta? has anybody made one of Oj 🍊🧃Simpson 🕺‘a death yet,True,,6.0,NO,9.0,0.0,9.0
296,"Transport infrastructure in Guinea-Bissau is basic, with most roads outside the capital Bissau being unpaved",False,,6.0,NO,,,
297,"Events Pre-1600 308 – At Carnuntum, Emperor emeritus Diocletian confers with Galerius, Augustus of the East, and Maximianus, the recently returned former Augustus of the West, in an attempt to end the civil wars of the Tetrarchy",False,,6.0,NO,,,
298,Bald day! Can somebody do one for national bald day please?,True,NO,3.0,NO,4.0,0.0,4.0
299,"The Empire State Building is a 102-story Art Deco skyscraper in Midtown Manhattan in New York City, United States",False,NO,3.0,NO,,,
300,Cape Verde follows a policy of nonalignment and seeks cooperative relations with all friendly states,False,NO,3.0,NO,,,
301,"Arithmetic (from the Greek ἀριθμός arithmos, 'number' and τική [τέχνη], tiké [téchne], 'art' or 'craft') is a branch of mathematics that consists of the study of numbers, especially concerning the properties of the traditional operations on them—addition, subtraction, multiplication, division, exponentiation, and extraction of roots",False,NO,2.0,NO,,,
302,"Death of Anita Bryant 🥳🎉GOOD NEWS 👏SHE'S DEAD💀THATS RIGHT👍, 🤮ANITA BRYANT🤮, THE🧙‍♀️ WICKED🧙‍♀️ BITCH 🐶OF THE ⬅️WEST🌊 COAST🏖, IS GETTING 💦🥧CREAMPIED🍰💦 IN 🔥HELL WITH 🍆😈SATANS🔥 SCORCHING 🥵🔥SEMEN💦 PUT ON THAT🍑JOCK 🍑AND PULL OUT THE 🍆STRAP🍆 BECAUSE PRIDE 🏳️‍🌈 HAS CUM 💦 EARLY ⏰️ SEND THIS TO YOUR 1️⃣0️⃣ BEST😇 DEVIANTS 😈 TO 🙏HONOUR THE NEW👭🏳️‍🌈HOLIGAY👬🌈",True,NO,2.0,NO,128.0,0.0,128.0
303,Chappaquiddick 🌉 🌊 🚙,True,NO,2.0,NO,5.0,0.0,5.0
304,"I 👈 still 😋😽 see your 🤴 shadows 🕶 in my room 🏠🏚 Can't 💦 take back the 🍦 love ❣❤ that I 😋 gave you It's to 👅😈 the point where 🏿 I 😎 love and I 💰😎 hate 😒😡 you 💦👈 And I 😩😁 cannot 👊 change 🔄👚 you, 💦👉 so 😄 I 🙋👀 must 💰😾 replace 👱 you (oh) 🐦 I 👈 still 😋😽 see your 🤴 shadows 🕶 in my room 🏠🏚 Can't 💦 take back the 🍦 love ❣❤ that I 😋 gave you It's to 👅😈 the point where 🏿 I 😎 love and I 💰😎 hate 😒😡 you 💦👈 And I 😩😁 cannot 👊 change 🔄👚 you, 💦👉 so 😄 I 🙋👀 must 💰😾 replace 👱 you (oh) 🐦",True,NO,1.0,NO,17.0,0.0,17.0
305,💥💥💥NEW🆕 YORK CITY 🗽🗽🗽YOU 👈🏼 LISTEN 👂🏻 TO ME!😳🗣️ **IF YOU'RE NEAR📥 😯 A CONVENIENCE 🏪 STORE 🏪 RIGHT➡️ NOW⌚—ANY TYPE 📝 OF 24 🏪 HOUR 😪 STORE—GO INTO 🚪 THE STORE 🚶‍♂️ RIGHT ➡️ NOW⌚ AND PUT 🤚 YOUR 🤪🤪🤪 HAND 👐 IN THE CASH 💰 REGISTER FOR 👏🕓 NO ❤️ REASON!!💥💥💥💥 😤 THEIR 💴 MONEY 💱💴 IS YOUR 👉 MONEY... 🙀 AS OF RIGHT 🎉🎉 NOW! ✊😱** 𝐼𝓉 𝓂𝒶𝓀𝑒𝓈 𝒾𝓉 𝑒𝒶𝓈𝒾𝑒𝓇💃🎶,True,NO,1.0,NO,18.0,0.0,18.0
306,"In classical physics and special relativity, an inertial frame of reference is a frame of reference that is not undergoing acceleration",False,NO,1.0,NO,,,
307,"Events Pre-1600 379 – Emperor Gratian elevates Flavius Theodosius at Sirmium to Augustus, and gives him authority over all the eastern provinces of the Roman Empire",False,NO,1.0,NO,,,
308,"Request Thread: Week of 8/26-9/1 Trying something new, since we have a LOT of requests lately, it's kind of flooding out the actual posts. Keep requests in here for the time being. However if this idea is super dogshit and everyone hates it, let me know and I'm happy to just leave everything as is. Eventually we will have a bot do this I guess but for now please just post them in here. I'll also have a message made at some point that directs people to the request thread.",True,NO,1.0,NO,11.0,0.0,11.0
309,Sister is getting married Can 💦 you 👈🤡 please 👄 shut 👄 the fuck 👉 up 🐢 because 🚱❕ my ⛵ SISTER 💁 is going 🏃 to MARRY 💍👰 a interstate highway. 🛣 I'm 💘 thinking 🤔💡 about 👉 how 😀 will 👏👏 they 💁 have 🈶 x?? ❎ It's WEIRD ⛎ and i 👀 hope 🙏 it divorces HER 👨🏼 before 🍑😂 she 👉 gets 🙎🚀 Run 🏃 over 🩸,True,NO,1.0,NO,20.0,0.0,20.0
310,Happy Halloween! ‼️ATTENTION‼️ 💀👻ALL HALLOWEEN🎃🕸 HOES😙💅 ITS TIME TO GET ☠️SPOOKY💀 YOU KNOW WHAT THAT MEANS👏 GET 👊FISTED👊 BY A 💀SKELETON 💀SHOVE✊🍭 CANDY 🌽🌽CORN🍬 IN YOUR👉PUSSY😽 AND 🙅DONT🙅‍♂️ FORGET TO SUCK😩🙌 SOME 💏DRACULA💉 DICK🍆💦😫 SO PUT 🔛 YOUR 👗👑COSTUMES👘👒 AND GO 🚪DOOR TO DOOR🚪 👀👅💦BEGGING😩 FOR THAT 😍GOOD GOOD😍 SEND THIS TO TWELVE1️⃣2️⃣ ☠️SPOOKY👻 🍑SLUTS🌮 TO 👁SHOW💁 THAT YOURE READY TO GET SOME 🍫CHOCOLATE🍫 COVERED 🍆DICK🌽,True,NO,10.0,NO,27.0,0.0,27.0
311,"Engagement Party Announcement We call them the twin towers. They’re two of my closest friends and this would be the perfect way to hype everyone up with the day of the party. They’re tall and skinny and hot (hence the name twin towers), I’m hosting a BBQ event to celebrate. There will be sangria and snacks. The woman has a deathly nut allergy. Thank you in advance, you beautiful people !!",True,NO,10.0,NO,7.0,0.0,7.0
312,Request: telling my friends I’m pregnant via chain text,True,NO,10.0,NO,153.0,0.0,153.0
313,"TRUMP SHOT WHOA 🙀🙀🤯‼️⁉️ TRUMP JUST TOOK A CUMSHOT 💧🔫 TO THE (r)EAR 👂🍑 AT A RALLY IN BUTT-LER PENISVANIA 🍑🍆🍌 SHOOTER❓I HARDLY KNOW HER! 🤣😹🤭 SECRET SERVICE AGENTS TACKLED TRUMP’S GYATT TO THE GROUND 👮🏻‍♂️👮🏼‍♂️🫨📳 AND BOUNCED OFF THE RECOIL ☄️ THOTS 💭🧠 AND PRAYERS🙏🤲🛐, BETTER LUCK NEXT TIME LIBTARDS 🇺🇸🦅🔥💯",True,NO,1.0,NO,99.0,0.0,99.0
314,Events Pre-1600 19 – The Roman general Germanicus dies near Antioch,False,NO,1.0,NO,,,
315,This list of Macintosh models grouped by CPU type contains all central processing units (CPUs) used by Apple Inc,False,NO,1.0,NO,,,
316,"Edward Bellamy (March 26, 1850 – May 22, 1898) was an American author, journalist, and political activist most famous for his utopian novel Looking Backward",False,NO,8.0,NO,,,
317,"The Einstein–Podolsky–Rosen paradox (EPR paradox) is a thought experiment proposed by physicists Albert Einstein, Boris Podolsky and Nathan Rosen (EPR), with which they argued that the description of physical reality provided by quantum mechanics was incomplete",False,NO,8.0,NO,,,
318,"REQUEST: Make your own OC To 2️⃣ reduce 🛑 the number #️⃣ of 📥 requests 📉 and to 2️⃣ encourage 🆙 more 🆕 OC 💡, please 😮 use a service 🤖 like ChatGPT 🤖 or Emojify 🎨 or GetEmoji 😳😳😳 to 2️⃣ write ✍️ your request 📝 and let them do their ✨ magic 🪄, just like this 🎩✨💥",True,NO,8.0,NO,9.0,0.0,9.0
319,The hertz (symbol: Hz) is the unit of frequency in the International System of Units (SI) and is defined as one cycle per second,False,NO,8.0,NO,,,
320,Nintendo Switch 2 HEY 👋🏻 YOU 😊 GAY-MING HOORS THE NINTEND-HOE SWITCH 💡 2 👯‍♀️ WAS JUST 😔 ANNOUNCED ITS DROPPING 👄🍑 LIKE 🌂 THAT 👄 PUSSY 💦 HITTIN 🥷🏻 THE DANCE 💃🏻 FLOOR 🤣 IN 🔝 2025 IT’S A TRUE 💯 SWITCH 💡 NOT ❌ ONE 1️⃣ OF THOSE 👉👞 BOSSY BOTTOMS MASQUERADING AS A DOM TOP 👚🔼 SO WHETHER 🤔 UR 🌿 A SIDE 👳 BOTTOM 🍑 OR PILLOW PRINCESS 👑 GET 🉐 READY 🌞😪😴 TO BE 📷 SATISFIED 😆 LATER 🕘 THIS YEAR 🔜 WITH A PENETRATION DEEPER THAN 😻 A COVID-19 TEST 📖📒✍️,True,NO,8.0,NO,67.0,0.0,67.0
321,Thanksgiving Spanks giving please 🥺🙏,True,NO,8.0,NO,23.0,0.0,23.0
322,"REQUEST - Christmas just a week away The one and only classic... Christmas, just a week away!",True,NO,3.0,NO,4.0,0.0,4.0
323,Request: US Government shutdown,True,NO,3.0,NO,11.0,0.0,11.0
324,Request: JD Vance and his couch is it in the spirit of EMOJIPASTA to make one that's already lewd in nature??,True,NO,3.0,NO,29.0,0.0,29.0
325,October 👻🎃 Requests 🙏 Thread 🧵 Requests 🙏 should 🏛️ go 🚶 into 🇳2️⃣ the 🥵 requests 🙏🙏 thread 🧵 stickied 📌 to 2️⃣ the 🥵 front 👆 of 📴 the 🥵 sub. 🥪 The 🥵 resulting 💪 pasta 🍝 can 🥫 be 🅱️ submitted 💾 to 2️⃣ the 🥵 sub 🥪 as 🍑 a 🅰️ separate ↔️ post. 📰,True,NO,3.0,NO,16.0,0.0,16.0
326,DSL or digital subscriber line is a family of technologies that provide digital data transmission over the wires of a local telephone network,False,NO,3.0,NO,,,
327,"Missing Kate Middleton Request for one for the missing Princess of Wales, Kate Middleton",True,NO,3.0,NO,34.0,0.0,34.0
328,"A dandy is a man who places particular importance upon physical appearance, refined language, and leisurely hobbies, pursued with the appearance of nonchalance",False,NO,8.0,NO,,,
329,MLK day + Inauguration Day + CFP National Championship Game combo Request: MLK day + Inauguration Day + CFP National Championship Game combo,True,NO,8.0,NO,7.0,0.0,7.0
330,The Lower Mainland is a geographic and cultural region of the mainland coast of British Columbia that generally comprises the regional districts of Metro Vancouver and Fraser Valley,False,NO,8.0,NO,,,
331,A histogram is an approximate representation of the distribution of numerical data,False,NO,8.0,NO,,,
332,"The industrial archaeology of Dartmoor covers a number of the industries which have, over the ages, taken place on Dartmoor, and the remaining evidence surrounding them",False,NO,8.0,NO,,,
333,"Cyberpunk is a subgenre of science fiction in a dystopian futuristic setting that tends to focus on a ""combination of lowlife and high tech"", featuring futuristic technological and scientific achievements, such as artificial intelligence and cybernetics, juxtaposed with societal collapse or decay",False,NO,8.0,NO,,,
334,"The long jump is a track and field event in which athletes combine speed, strength and agility in an attempt to leap as far as possible from a takeoff point",False,NO,8.0,NO,,,
335,Physical cosmology is a branch of cosmology concerned with the study of cosmological models,False,NO,8.0,NO,,,
336,"Franconia (, ; Franconian dialect: Franggn ; ) is a region of Germany, characterised by its culture and Franconian dialect (German: Fränkisch)",False,NO,8.0,NO,,,
337,"Graham Chapman (8 January 1941 – 4 October 1989) was an English actor, comedian and writer",False,NO,8.0,NO,,,
338,First day of school request First day of school is tomorrow,True,NO,8.0,NO,5.0,0.0,5.0
339,Request: President’s Day,True,NO,8.0,NO,5.0,0.0,5.0
340,Mercury is the smallest planet in the Solar System and the closest to the Sun,False,NO,8.0,NO,,,
341,"François d'Aguilon (also d'Aguillon or in Latin Franciscus Aguilonius) (4 January 1567 – 20 March 1617) was a Jesuit, mathematician, physicist, and architect from the Spanish Netherlands",False,NO,8.0,NO,,,
342,Joe Biden Dropped Out of a Coconut Tree ‼️ATTENTION❗️ALL CITIZENS OF THE 🇺🇸United Slays 🇺🇸of AmeriCUNT!!‼️Brand new presidential🕴️ candidate fresh 💦picked from the coconut tree🥥🌴❗️Big Daddy Joe👨🏻‍🦳💤 has ✨DEATH DROPPED✨ OUT 💀of the race🏎️🏁and endWHOREsed 😩💦Vice President 🚔 Copala Harris🚨🌴❗️The Democratic Party🫏🎉 broke up ❌🙅‍♀️with Big Daddy Joe 👨🏻‍🦳💤 cuz he is no longer fit 🏋️💪to serve🪖our CUNTry 🇺🇸💅🏻✨,True,NO,8.0,NO,9.0,0.0,9.0
343,"Best rizz to use on your cousin Yo cuzzo! What's up? 😏😏😏😜😜😜😘🤪😝😝 Feeling 🔥🔥️🔥️🔥 today, aren't we? Cuz seeing more of you makes me feel happy in more ways than one.😏😏😏😉😉😉 🍆↔️🍑🍆↔️🍑🍆↔️🍑😫😫😫😫😫💦💦💦💦💦💦💦💦 💯💯 Fr fr no cap 💢💢💢 I don't mean to slide in the DMs 👉👈👉👈👉👈 but I'd love to give you all my rizz 💯💯💯👌👌👌🥶🥶🥶💯💯",True,NO,8.0,,28.0,0.0,28.0
344,David Lynch Has Passed Away DING 👉👉 DONG 🔔 DIVA 💁 DOWN 💥🧨 DAVID ✡️ BYNCH HAS 👏 KICKED 👞 THE CUCKET REKNOWN FOR 😏 HIS 🦶🏻 WORKS ♿ SUCH 😆 AS TWINK PEAKS AND BLUE 🔹 VULV-ET BYNCH WAS AN ICON OF THE NEO-NOIR ART 🖼 HOUSE 🏠 THIRLLER SURREALIST MYSTERY 🧐 AND FREQUENTLY ⏰ COLLABORATED WITH NAMES 🤐 SUCH 🏼 AS ANGEL-HO BADALAMENTI WHORE-A DERN AND KYLE MAC-SCHLONG-LAN HE 🙍‍♂️👥 IS SURVIVED 💪 BY 😡 CHILDREN 💔 AUSTIN RILEY AND LULA REST 😪 IN 📅👌 PEEN 🍆💦 SWEET 🍠 KING ❗,True,NO,8.0,,79.0,0.0,79.0
345,"The Game Boy family is a line of cartridge-based handheld video game consoles developed, manufactured, released and marketed by Nintendo",False,NO,8.0,,,,
346,hehe boi 😏 CHIPI😂 CHIPI 😂 CHAPA 📚 CHAPA 😏DUBI ✨✨DUBI ✨✨DABA🤖 DABA MAGICO❤ MI ❌ DUBI BUM 🍑 BUM BUM 🍑🍑 BUM &#x200B;,True,NO,2.0,NO,6.0,0.0,6.0
347,The gymnosphaerids (or Gymnosphaerida) are a small group of heliozoan protists found in marine environments,False,NO,2.0,NO,,,
348,Lesbian Visibility Week pls 🙏👩‍❤️‍💋‍👩👀,True,NO,2.0,NO,16.0,0.0,16.0
349,Forgetting or disremembering is the apparent loss or modification of information already encoded and stored in an individual's short or long-term memory,False,NO,8.0,NO,,,
350,Muscular dystrophies (MD) are a genetically and clinically heterogeneous group of rare neuromuscular diseases that cause progressive weakness and breakdown of skeletal muscles over time,False,NO,8.0,NO,,,
351,march madness 🙏🏼 pleaseeeeeee someone,True,NO,8.0,NO,14.0,0.0,14.0
352,Eastern US heat wave,True,NO,3.0,NO,11.0,0.0,11.0
353,"The British Virgin Islands (BVI) are one of three political divisions of the Virgin Islands archipelago located in the Lesser Antilles, between the Caribbean Sea and the North Atlantic Ocean",False,NO,3.0,NO,,,
354,"The people of Cyprus are broadly divided into two main ethnic communities, Greek Cypriots and Turkish Cypriots, who share many cultural traits but maintain distinct identities based on ethnicity, religion, language, and close ties with their respective motherlands",False,NO,3.0,NO,,,
355,", officially , were a part of the Japanese Special Attack Units of military aviators who flew suicide attacks for the Empire of Japan against Allied naval vessels in the closing stages of the Pacific campaign of World War II, intending to destroy warships more effectively than with conventional air attacks",False,NO,1.0,,,,
356,Government Shutdown 🚨 🚨 UH OH 🚨 🚨 CUMGRESS 🏛️😩 couldn’t 🙅‍♂️FINISH🙅‍♀️ and it’s time 📅😬 for a government 👀🤩🤩SLUTDOWN 😵‍💫😵‍💫😵 your FEDS with BENEFITS ✅✅😩👀 NEED somewhere to 🤠 SHACK 🏠🫣 👍👉THEY👈 are 🫠FURLOUGHED 👎🤒but 🙇YOU 💁‍♀️ can get 🤔🫣 FUR-LAID 🫃😤 📩SEND📫😎THIS😜 to 1️⃣0️⃣ 🗿HOES 🇺🇸 with 💸GUARANTEED BACKPAY💰🤑for 🤣🤣GUARANTEED🥰 BACKSHOTS 🤩🤩😍,True,NO,1.0,,42.0,0.0,42.0
357,Can we get an emoji pasta for Brazilian Independence Day? 🇧🇷🇧🇷🇧🇷🇧🇷🇧🇷🇧🇷🇧🇷 Por favor ?,True,NO,1.0,,5.0,0.0,5.0
358,"Isaac Manuel Francisco Albéniz y Pascual (; 29 May 1860 – 18 May 1909) was a Spanish Catalan virtuoso pianist, composer, and conductor",False,NO,1.0,NO,,,
359,thread for veterans day plssss,True,NO,1.0,NO,22.0,0.0,22.0
360,Anything for the 3 kings day I need to send it before la rosca😢,True,NO,1.0,NO,6.0,0.0,6.0
361,"The University of Gothenburg () is a university in Sweden's second largest city, Gothenburg",False,NO,8.0,NO,,,
362,"Cyril of Jerusalem (, Kýrillos A Ierosolýmon; ; 313 386 AD) was a theologian of the early Church",False,NO,8.0,NO,,,
363,Request: Cesar Chavez Day please Also its april fools today,True,NO,8.0,NO,3.0,0.0,3.0
364,"Bradycardia (also sinus bradycardia) is a slow resting heart rate, commonly under 60 beats per minute (BPM) as determined by an electrocardiogram",False,NO,3.0,NO,,,
365,Lansing () is the capital of the U,False,NO,3.0,NO,,,
366,"Fantasy films are films that belong to the fantasy genre with fantastic themes, usually magic, supernatural events, mythology, folklore, or exotic fantasy worlds",False,NO,3.0,NO,,,
367,"RIP HOT JIMMY 📣 BREAKING NEWS, BITCHES✨👀 Everyone’s🤗favorite🥰sexy🥵southern⬇️🤠demHOEcrat🤮🇺🇸Jimmy🍑Carter🗽 AKA our LONGEST👀😫THROBBING😤🔥 former presiDICK🍆🍆💦 has passed on to the 🤑🥺BIG🏘️ORGY💧IN THE ☁️🌈SKY🌟🌝 😈HOT☄️JIMMY👨‍❤️‍👨👨‍❤️‍👨also served our 🌮CUNTry🌭 as a 💋👄🫦SLUTTY👠 sailor🚢⚓️ getting 🚿🧼WET N WILD☔️😜 with the 🚣Navy🤸‍♂️👨‍💼 boys 🥵👅 ⏰⏳Time to raise ⬆️☝️your 🪨🪨ROCK 🪖👷‍♂️HARD🧏 🥕🥕COCKS to 🫡🫡salute🫡🫡 and🏅honWHORE🥳 our fallen 🏈 presiDICK🍾🇺🇸🇺🇸",True,NO,8.0,,93.0,0.0,93.0
368,#PortfolioDay A day where primarily artists and other creative people share their portfolios of work in hopes to bring in new work,True,NO,8.0,,2.0,0.0,2.0
369,"George Simon Kaufman (November 16, 1889June 2, 1961) was an American playwright, theatre director and producer, humorist, and drama critic",False,NO,8.0,,,,
370,Request - Something to hype my friend up after a breakup. He's going through a tough breakup and I wanted to find something to make him laugh but also hype him up. Slutty-king type shit.,True,NO,8.0,,22.0,0.0,22.0
371,"The Ibizan Hound (, ) is a lean, agile dog of the hound family",False,NO,8.0,,,,
372,REQUEST: just got divorced for a friend who just got divorced (a good thing). not sure if i want it as a congratulatory one or first person that she can send around go wild and tysm,True,NO,8.0,,42.0,0.0,42.0
373,RIP 🙏 JIMMY CARTER 😭🕊️REST IN PEACE‼️🪦🔔🙏 JIMMY FARTER👴🏻💨 PEE🟡NUT🥜FARMER👨‍🌾 Governor of WHOREGIA🍑👨‍💼 and 3️⃣9️⃣th presiCUNT🦅🇺🇸 has died💀😵 He was known for THE ⛺CAMP GAYVID accWHOREds🇪🇬🤝🇮🇱 Ceding 🫸the PANAMA CUNTNAL🏞️🇵🇦🚢 and FAGFLATION💸🔝📬Send this📮💌to 🔟 other CARTWHORES🥜💃💖 Get 0️⃣ back😵‍💫😣 and you'll be a ⛽GAS GUZZLING GEORGIAN🍑🚙 Get 5️⃣back😏😘and you're a MONDALE MONSTER🧟🪩 Get 🔟 back😜🤩and you're a 🎆✨🎇PEANUT PRINCESS👑👸🥜🌾,True,NO,10.0,,31.0,0.0,31.0
374,Last day of school For an elementary school teacher,True,NO,10.0,,3.0,0.0,3.0
375,desperately need a grimace shake one (don’t ask. please),True,NO,10.0,,13.0,0.0,13.0
376,"An aircraft carrier is a warship that serves as a seagoing airbase, equipped with a full-length flight deck and facilities for carrying, arming, deploying, and recovering aircraft",False,NO,10.0,NO,,,
377,Abortion is the termination of a pregnancy by removal or expulsion of an embryo or fetus,False,NO,10.0,NO,,,
378,USA women’s gymnastics wins gold USA! USA! 🇺🇸🇺🇸🇺🇸🦅🦅🦅,True,NO,10.0,NO,13.0,0.0,13.0
379,"Charles Henry Alston (November 28, 1907 – April 27, 1977) was an American painter, sculptor, illustrator, muralist and teacher who lived and worked in the New York City neighborhood of Harlem",False,NO,1.0,NO,,,
380,"Telling my friends I have ovarian cancer 😎🥲 (PLS) I really can’t think of a better way to tell people, especially because I’m pretty young. Prognosis is good!",True,NO,1.0,NO,111.0,0.0,111.0
381,"The Marcomanni were a Germanic people that established a powerful kingdom north of the Danube, somewhere near modern Bohemia, during the peak of power of the nearby Roman Empire",False,NO,1.0,NO,,,
382,"David Eric Grohl (born January 14, 1969) is an American musician, songwriter, filmmaker, and author",False,NO,1.0,NO,,,
383,mambo italiano a boy 👨‍👦‍👦 👩‍👧‍👦 👦😫 went 💨 💨 💨 back 🔙⬅️ 😁😁🤪😈🙀 ⬅️ to napoli 🇮🇹🇮🇹😩🍕🍝✨because 🤔 🎉 👄 he 👨 📷 👍 missed 😢 the scenery 🫒the native 👨🏻 👨🏻 🚉 dances 🕺🏼💃🏼 🪩 and the charming 🥵 songs 🪗🎶🪗but 🍑😳 📷 🤔 💅🏻 wait 🕒 😳😽☝️ a minute! ⏰ ⏰ ⏱️⏲️⏳⌚️something’s 👀🔍 wrong! ❌ 👎 ❌😑,True,NO,1.0,NO,4.0,0.0,4.0
384,Last Rizzmas ⬅️ last rizzmas🎅🏻 🎁 i gave you my gyatt 😳 😥 but the very next day 🌅 😔 you got fanum taxed 💸 🗓️ this year to save me from mewing 😤 🎄 ill give it to someone rizzfull 😎,True,NO,1.0,NO,17.0,0.0,17.0
385,"Railway modelling (UK, Australia, New Zealand, and Ireland) or model railroading (US and Canada) is a hobby in which rail transport systems are modelled at a reduced scale",False,NO,8.0,NO,,,
386,Request: Fallout day (23OCT) Title in,True,NO,8.0,NO,7.0,0.0,7.0
387,"The history of the Mediterranean region and of the cultures and people of the Mediterranean Basin is important for understanding the origin and development of the Mesopotamian, Egyptian, Canaanite, Phoenician, Hebrew, Carthaginian, Greek, Persian, Illyrian, Thracian, Etruscan, Iberian, Roman, Byzantine, Bulgarian, Arab, Berber, Ottoman, Christian and Islamic cultures",False,NO,8.0,NO,,,
388,SpaceEx launch failure UH-OH 😑 THE SPACEX LAUNCH 🚀 FAILED 😭😭 ..AGAIN! 😬 LOOKS 👀 LIKE 💌🤔 MUSK COULDNT ☹️ GET 🍆 IT UP...TO SPACE! 👽 SOUNDS 🔊 LIKE 🔥😄 ALL 😳🥵😱 SYSTEMS WERE 👨😩 A GO 🦗 - UNTIL 🕛🕛 PROJECTILE-DYSFUNCTION 🥀 STRUCK NINE 9️⃣ MINUTES ⏰ INTO 🚟👏 THE FLIGHT ✈️ - AND BABYS LITTLE 🚼🚀🧑🏼‍🚀 ROCKET 🌠🫣FELL 🍂 DOWN!!! 🔻 SEND 📦 THIS TO TEN 🔟 OF YOUR 👉 FRIENDS 👥 OR BE 🐝 CURSED WITH PREMATURE 💦💦💦MISSION 🕵🏻‍♂️ FAILURE ❗🚫 FOREVER!!! 🕐🕔🕤,True,,,,56.0,0.0,56.0
389,September 1st Help 🥵🥵🥵 me STEP-tember 🍁🍁🍁 I’m stuck😛! It’s the sixty NINTH ♋️♋️ month 📆😵‍💫of the year so get that SEPTEMB-ussy 🙀🙀🙀 licked 👅🥵 before 👻👻👻 Oct-HOE-ber CUMS 💦!! Make sure to WORK 💼🏢 on DADDY’S🥴🥴 DICK 🍆🍆🍆 this LABOR 💪💪 DAY and celebrate 🎉 the WORKING✊✊🏽✊🏾 clASS! 🍑💦 Send this to 🔟 PUMPKIN 🎃🎃SPICE 🌶️💃BITCHES 👯‍♀️or you’ll be a VIRGO ♍️✨ VIRGIN 😭😭😭 all month LONG!,True,,,,49.0,0.0,49.0
390,"William Jefferson Clinton (; born August 19, 1946) is an American politician and attorney who served as the 42nd president of the United States from 1993 to 2001",False,,,,,,
391,Hentai is anime and manga pornography,False,NO,8.0,NO,,,
392,"Birthday chain text any would be appreciated! if anybody wants to be creative, please put fat comments and jokes into it as well",True,NO,8.0,NO,9.0,0.0,9.0
393,"America my beloved I LOVE 💖 AMERICA 🦅 SO MUCH. ⚖🎁 I will die 💀💀 for ✋ this 👈👀 country, 🗺 and I will fight 🔫💥 to keep 🙊🏭 it alive. We 👥 are 🔄 more 💯 powerful 💥💪 than ANY 👏 other 👏 country 👏and if I'm wrong (which I'm not 👎👎), 🙅 I will die 💀 on America's 💥💥 hill. 💖💖💖 What do 😠 you 👈 mean that patriotic propaganda has ❌ been shoved 👆👆 down 👇 my throat? 😡😡😡 Are you 🫵 stupid? 😡😡 Because America 🦅💥 is AWESOME 💖💖💖💖 and 🙇👦I will 😜 die 💯 for it. 💥🦅💥🔫🌎🏈",True,NO,8.0,NO,11.0,0.0,11.0
394,"Fantasy football/NFL season start Season starts tomorrow, need some pasta 🙏",True,NO,3.0,,8.0,0.0,8.0
395,Request for Diwali 🪔 Can🥫🗑️ a TRUE 🎨🖌️ artist 👩‍🎨 MaKe 💋 a 🍝 pasta for Diwali 🪔💡🕯️on November 12th 🥺🙏😇please AND😘😍🥰😊😅Thank 😈👌👈😻🥵💦💦💦 U🫵🙏🤙✌️🫶,True,NO,3.0,,7.0,0.0,7.0
396,Birthday Party Invite For Virgo season if you can work that in also 😌,True,NO,3.0,,6.0,0.0,6.0
397,Need help with fruit emoji So my ex just randomly sent me fruit emojis. Just weird because she’ll just text me out of the random. What does “🥦🥥🥝🍇🥑🍈” if you anyone could help me I would be very appreciative 🙏,True,NO,5.0,,8.0,0.0,8.0
398,The La Tène culture (; ) was a European Iron Age culture,False,NO,5.0,,,,
399,"A hobby is considered to be a regular activity that is done for enjoyment, typically during one's leisure time",False,NO,5.0,,,,
400,"The Casiquiare river () is a distributary of the upper Orinoco flowing southward into the Rio Negro, in Venezuela, South America",False,NO,1.0,NO,,,
401,Columbus Day Since it’s tomorrow,True,NO,1.0,NO,12.0,0.0,12.0
402,"The High German dialects (), or simply High German (; not to be confused with Standard High German which is imprecisely also called High German), comprise the varieties of German spoken south of the Benrath and Uerdingen isoglosses in central and southern Germany, Austria, Liechtenstein, Switzerland, Luxembourg, and eastern Belgium, as well as in neighbouring portions of France (Alsace and northern Lorraine), Italy (South Tyrol), the Czech Republic (Bohemia), and Poland (Upper Silesia)",False,NO,1.0,NO,,,
403,"The Aster CT-80, an early (1982) home/personal computer developed by the small Dutch company MCP (later renamed to Aster Computers), was sold in its first incarnation as a kit for hobbyists",False,NO,8.0,NO,,,
404,There has been no standing army in Dominica since 1981,False,NO,8.0,NO,,,
405,"Canon law (from , , a 'straight measuring rod, ruler') is a set of ordinances and regulations made by ecclesiastical authority (church leadership), for the government of a Christian organization or church and its members",False,NO,8.0,NO,,,
406,Request: national banana bread day🍌😰,True,NO,3.0,,2.0,0.0,2.0
407,⚠️⚠️ It's FRIDAY ⚠️⚠️ ⚠️It's Friday 🍳🍗🍟my 🤗 PRECIOUS 🥺🥺😻 lovelies 😻. 🫵YOU 🫵 know 🤔 what THAT 😨 means😳🤨😐🤯🫨🫨. It's time 😼 🕒 to kiss 💋 👨‍❤️‍💋‍👨your life 🛟partner 👰‍♂️ on🔛the 👄lips 👄 and 🏴󠁧󠁢󠁷󠁬󠁳󠁿🇬🇧👸🤴commence forth 💂‍♂️🇬🇧 engaging 💍 in RAW 🥩🤨 STEAMY💦🤤 ♨️🧖‍♂️😳 SWEATY 😨 s😼xual interc⛳urse. Hahahahahaha sex sex sex sex 😼😳😼😳😳😼😼😳🤣🤣😭😭😶😶😶😐😐😐😔😔🥺🥺🥺🤐🫢🤭🫣🤫🤫😉😏😏😏😏🤯🥵🥵🤑🎉🥳🥳😈😈🍆🍆,True,NO,3.0,,11.0,0.0,11.0
408,"Earliest Summer Solstice since June 20th, 1796",True,NO,3.0,,5.0,0.0,5.0
409,"The Original Emoji Pasta? What was the very first holiday emoji copy pasta? I seem to remember seeing them for the first time in high school, around 2010-12, maybe for Christmas or Halloween??",True,NO,3.0,NO,4.0,0.0,4.0
410,Cyber Monday? Anyone have a text for this?,True,NO,3.0,NO,12.0,0.0,12.0
411,"Jacques-Yves Cousteau, (, also , ; 11 June 191025 June 1997) was a French naval officer, explorer, conservationist, filmmaker, scientist, photographer, author and researcher who studied the sea and all forms of life in water",False,NO,3.0,NO,,,
412,"This article is about the demographic features of the population of Mauritania (), including population density, ethnicity, education level, health of the populace, economic status, religious affiliations and other aspects of the population",False,NO,10.0,NO,,,
413,The Local Group is the galaxy group that includes the Milky Way,False,NO,10.0,NO,,,
414,Automobili Lamborghini S,False,NO,10.0,NO,,,
415,"Kamala train 🚞🚉🚞🚂🚋🚇🛤️ 👉 YOU JUST GOT A TICKET 🎫 TO 🔛 the kamala 🥥 🌴 train 🚂 ! the bar car 🍷 🍸 is OPEN 🍾 , the conductor 👩🏽‍✈ ️ is xanned up 💊 🤤 , and we just hit 🤙 💥 a cow 🐄 🐮 without even slowing 🐌 down 😅 ! fav ❤ ️and send 📬 to 🔟 friends or you’ll fall 🍃 🍁 into a K HOLE 😵‍💫 🕳 ️forever ♾ ️!!",True,NO,5.0,NO,36.0,0.0,36.0
416,spain vs england euro cup final this sunday,True,NO,5.0,NO,3.0,0.0,3.0
417,"Dionysius Thrax ( Dionysios o Thrax, 170–90 BC) was a Greek grammarian and a pupil of Aristarchus of Samothrace",False,NO,5.0,NO,,,
418,"Margaret Hilda Thatcher, Baroness Thatcher (; 13 October 19258 April 2013), was Prime Minister of the United Kingdom from 1979 to 1990 and Leader of the Conservative Party from 1975 to 1990",False,NO,1.0,NO,,,
419,Titan submersible implosion anniversary,True,NO,1.0,NO,28.0,0.0,28.0
420,"The economy of Grenada is a largely tourism-based, small and open economy",False,NO,1.0,NO,,,
421,Copa America final One for if Colombia or Argentina win,True,NO,3.0,NO,7.0,0.0,7.0
422,"Michael Kenneth Mann (born February 5, 1943) is an American director, screenwriter, and producer of film and television who is best known for his distinctive style of crime drama",False,NO,3.0,NO,,,
423,"In cryptozoology, the Mokele-mbembe (also written as ""Mokèlé-mbèmbé"", /mowkəl-mbɛmb/), Lingala for ""one who stops the flow of rivers"", is a water-dwelling entity that supposedly lives in the Congo River Basin, sometimes described as a living creature, sometimes as a spirit",False,NO,3.0,NO,,,
424,Something ab Simone Biles’ stupid husband,True,NO,8.0,,11.0,0.0,11.0
425,Sir John Carew Eccles (27 January 1903 – 2 May 1997) was an Australian neurophysiologist and philosopher who won the 1963 Nobel Prize in Physiology or Medicine for his work on the synapse,False,NO,8.0,,,,
426,"Request: passing my road test at 27 I’m hopefully getting my drivers license today as long as I pass my road test this afternoon. I’m a 27 year old woman, the more vulgar the better!",True,NO,8.0,,38.0,0.0,38.0
427,"Neal Town Stephenson (born October 31, 1959) is an American writer known for his works of speculative fiction",False,NO,8.0,NO,,,
428,High anxiety is a non-technical term referring to a state of extreme fear or apprehension,False,NO,8.0,NO,,,
429,"Christmas 🔥🎄, just a week 📅📆🚫 away Can you 👈 believe 🌈 it guys 👨😇👍? Christmas 🔥🎄, just a week 📅📆🚫 away 😐. Christmas 👄🎅🎁 is in a week 📅! Woohoo! I 👁 am so happy 😊 about 💦 this information ℹ. Christmas 🌲🎅🏼🎁! Just a week 🗓 away 😂, oh 🙀 wow 🙀. Can you 👈 believe 🙏 it? Christmas 🎄🎅! Just in a week 📅! It got 🍸 here so fast 🏃🛬⚡! Christmas 🎄! Just a week 📅 away 😐!",True,NO,8.0,NO,20.0,0.0,20.0
430,Emacs Lisp is a dialect of the Lisp programming language used as a scripting language by Emacs (a text editor family most commonly associated with GNU Emacs and XEmacs),False,NO,1.0,NO,,,
431,"The Maginot Line (, ), named after the French Minister of War André Maginot, is a line of concrete fortifications, obstacles and weapon installations built by France in the 1930s to deter invasion by Germany and force them to move around the fortifications",False,NO,1.0,NO,,,
432,Alexander V may refer to: Alexander V of Macedon (died 294BC) Antipope Alexander V (ca,False,NO,1.0,NO,,,
433,A free-trade area is the region encompassing a trade bloc whose member countries have signed a free trade agreement (FTA),False,NO,1.0,NO,,,
434,"The ellipsis , also known informally as dot dot dot, is a series of dots that indicates an intentional omission of a word, sentence, or whole section from a text without altering its original meaning",False,NO,1.0,NO,,,
435,Euphoria is an emotional and mental state defined as a sense of great happiness and well-being,False,NO,1.0,NO,,,
436,Julian Assange released from prison,True,NO,3.0,NO,26.0,0.0,26.0
437,Jurisdiction (from Latin juris 'law' + dictio 'declaration') is the legal term for the authority granted to a legal entity to enact justice,False,NO,3.0,NO,,,
438,"James Douglas Muir Leno (; born April 28, 1950) is an American television host, comedian, and writer",False,NO,3.0,NO,,,
439,Congestion pricing Begging for a NYC congestion pricing copy pasta!!!!!,True,NO,3.0,NO,10.0,0.0,10.0
440,"Frederick I of Ansbach and Bayreuth (also known as Frederick V; or ; 8 May 1460 – 4 April 1536) was born at Ansbach as the eldest son of Albert III, Margrave of Brandenburg by his second wife Anna, daughter of Frederick II, Elector of Saxony",False,NO,3.0,NO,,,
441,"A false dilemma, also referred to as false dichotomy, is an informal fallacy based on a premise that erroneously limits what options are available",False,NO,3.0,NO,,,
442,meek mill controversy I need a chain text for the situation,True,NO,3.0,NO,4.0,0.0,4.0
443,Fantasy Football Need something to kick off the new season,True,NO,3.0,NO,7.0,0.0,7.0
444,Request Reagan's Deathday 20th Anniversay,True,NO,3.0,NO,15.0,0.0,15.0
445,"James Monroe (; April 28, 1758July 4, 1831) was an American statesman, lawyer, diplomat and Founding Father who served as the 5th president of the United States from 1817 to 1825",False,NO,1.0,NO,,,
446,"The Comorians () inhabiting Grande Comore, Anjouan, and Mohéli (86% of the population) share African-Arab origins",False,NO,1.0,NO,,,
447,"Anarcho-capitalism is a political philosophy that advocates the elimination of centralized states in favor of a system of private property enforced by private agencies, free markets and the right-libertarian interpretation of self-ownership, which extends the concept to include control of private property as part of the self",False,NO,1.0,NO,,,
448,Eve is the first woman created by God according to the creation narrative of Abrahamic religions,False,NO,8.0,NO,,,
449,"Grammarly Writing's🖊️not❌easy🙅‍♂️. That's why🙆‍♂️Grammarly🟢can help👍. This sentence📎is grammatically✏️correct✅, but it's wordy📓, and hard🚫to read🗒️.",True,NO,8.0,NO,17.0,0.0,17.0
450,"The following outline is provided as an overview of and topical guide to literature (prose, written or oral, including fiction and non-fiction, drama, and poetry)",False,NO,8.0,NO,,,
451,Chromium is a chemical element with the symbol Cr and atomic number 24,False,NO,8.0,NO,,,
452,"In chemistry, particularly in biochemistry, a fatty acid is a carboxylic acid with an aliphatic chain, which is either saturated or unsaturated",False,NO,8.0,NO,,,
453,Nationwide cell service outage Can anyone help me out so I can cheer my homies up😩,True,NO,8.0,NO,22.0,0.0,22.0
454,Canada Day 2024 🇨🇦🇨🇦👏THATS👏RIGHT👏YOU👏🍁maPLe🍁💦CUM💦🍹guzzlers🍹you know what 🗓️day🗓️ it is. 1️⃣5️⃣7️⃣ years ago Sir John 🎓GradeA🐮Beef🍖 MacDonald 🕺showed🕺the👸Queen👑 his Dad🍆Dick👅👅👅💦💦 and 😏😏confederated this great🇨🇦NATION🇨🇦. Send this to 5 🏒puck🏒 👧sluts👧 and youre a 💀SkankyHarper💀 Forward this to 10 🐻beaverbitches🐻 and youre a 😣Sexy🔥🔥Trudeau😣. SEND THIS TO 20 🇨🇦PATRIOTIC🇨🇦 🐤LOONS🐤 AND YOURE TERRY 👀BIG👀 🍆COX🍆 👊POUNDING👊 YOUR WAY ACROSS THE 🇨🇦COUNTRY🇨🇦 WITH YOUR THIRD🍗LEG ON YOUR MARATHON OF COCK🍆🇨🇦,True,NO,10.0,NO,20.0,0.0,20.0
455,REQUEST Debate night🙏🤞,True,NO,10.0,NO,31.0,0.0,31.0
456,2024 Paris Olympics opening ceremony 🥇,True,NO,10.0,NO,17.0,0.0,17.0
457,can i🥺 pls🥲 get one for sean p diddy puff💨 daddy combs getting arrested 🤞😅😍🤷‍♀️ just saw he’s been arrested following a grand jury indictment 🥂😮‍💨,True,NO,3.0,NO,21.0,0.0,21.0
458,The Nicaraguan Armed Forces are the military forces of Nicaragua,False,NO,3.0,NO,,,
459,Request: rent is due,True,NO,3.0,NO,22.0,0.0,22.0
460,Mostaganem () is a province (wilaya) of Algeria,False,NO,1.0,NO,,,
461,She wolf by Shakira There's 👉a she 👩wolf🐺🌕 in the closet 🚪🏳️‍🌈Open🔓 up ☝️and set it free⛓️‍💥 (Ah-ooh) 🐺🔥🗣️There's 👉a she 👩wolf 🐺🌕in your closet🚪🏳️‍🌈 Let it out 🏃‍♀️💨so it can 😤breathe😮‍💨,True,NO,1.0,NO,11.0,0.0,11.0
462,"Justin Trudeau 🍆🥴 Steps Down 👅 Eh, all 💯 you 🍁 CUM-adians! Daddy 🥴 Tru-DO👌🏻👈🏻 ME is🔥 going 🏃➡ DOWN 👅 This 🍑🌎 PM was 💯 a real BM 🍑 ⛽ but God 😇 DAMN was 👏 he 🍆 FOINE (despite, 🙅 UK, the 🚨 black face 🚨 and general ✨ problematic vibes ✨) Thank 🤗 you 🍆😍 for 🔜😣 your service 🥴🫡,🍆 Prime MEATister T🍆! We 🏃👥 will 🤤 all 👌 suck 😜👅 down some 😩🍁 maple syrup 👅👅 in 😩 solidarity. Send 📦 this 🌈☝ to 💦😘 5 sticky 🌊 maple syrup 👅🍯 sluts or 😛🤔 your 💲👉 economy will 🍆💦 be 😤➡ going down ⬇ just like 👍😄 Daddy 💦 T!",True,NO,1.0,NO,29.0,0.0,29.0
463,"The Cobble Hill Tunnel (also known as the Atlantic Avenue Tunnel) is an abandoned Long Island Rail Road (LIRR) tunnel beneath Atlantic Avenue in Brooklyn, New York City, running through the neighborhoods of Downtown Brooklyn and Cobble Hill",False,NO,1.0,NO,,,
464,"Balmoral Castle is a residence of Queen Elizabeth II in Aberdeenshire, Scotland",False,NO,1.0,NO,,,
465,"The FIFA World Cup, often simply called the World Cup, is an international association football competition contested by the senior men's national teams of the members of the (FIFA), the sport's global governing body",False,NO,1.0,NO,,,
466,The color temperature of a light source is the temperature of an ideal black-body radiator that radiates light of a color comparable to that of the light source,False,NO,1.0,NO,,,
467,"Leucippus (; , Leúkippos; fl",False,NO,1.0,NO,,,
468,Mount Logan () is the highest mountain in Canada and the second-highest peak in North America after Denali,False,NO,1.0,NO,,,
469,Greek Orthodox Easter,True,NO,3.0,NO,11.0,0.0,11.0
470,October 3rd One? anyone got one of these for october 3rd (mean girls day)??? personally i think the more ridiculous “holidays” make these even funnier,True,NO,3.0,NO,8.0,0.0,8.0
471,"Request - Emojipasta for birthday I’ve been sending my friend emojipastas, usually dirty ones, for their birthday for about 6 years now. I’ve officially run out and they noticed last year that I reused one…I can’t break my record here so please drop any birthday emojipastas you have",True,NO,3.0,NO,20.0,0.0,20.0
472,"All of the major transportation systems in Haiti are located near or run through the capital, Port-au-Prince",False,NO,3.0,NO,,,
473,"The Yangtze, Yangzi ( or ), or officially Chang Jiang is the longest river in Asia, the third-longest in the world and the longest in the world to flow entirely within one country",False,NO,3.0,NO,,,
474,Events Pre-1600 660 BC – Traditional date for the foundation of Japan by Emperor Jimmu,False,NO,3.0,NO,,,
475,The economy of Kazakhstan is the largest in Central Asia in both absolute and per capita terms,False,NO,8.0,NO,,,
476,"Fenway Park is a baseball stadium located in Boston, Massachusetts near Kenmore Square",False,NO,8.0,NO,,,
477,"Mumia Abu-Jamal (born Wesley Cook; April 24, 1954) is an American political activist and journalist who was convicted of murder and sentenced to death in 1982 for the 1981 murder of Philadelphia police officer Daniel Faulkner",False,NO,8.0,NO,,,
478,"A grammatical case is a category of nouns and noun modifiers (determiners, adjectives, participles, and numerals), which corresponds to one or more potential grammatical functions for a nominal group in a wording",False,NO,8.0,NO,,,
479,colombia vs argentina copa america final this sunday,True,NO,8.0,NO,6.0,0.0,6.0
480,"Beer is one of the oldest and most widely consumed alcoholic drinks in the world, and the third most popular drink overall after water and tea",False,NO,8.0,NO,,,
481,"Afonso VI (; 21 August 164312 September 1683), known as ""the Victorious"" (), was the second King of Portugal of the House of Braganza from 1656 until his death",False,NO,1.0,NO,,,
482,THIS!!! ^^^^^^^^^^^^ SOOO MUCH THIS!!!!!!!! make it aggressive please,True,NO,1.0,NO,5.0,0.0,5.0
483,"Landlords be like That's ☝ right ➡ tenants 👯, wake up 😴 it's ☝ the first 🏆 of the month 🗓🗓🗓 so get up 😴 cash 💵 your 👉 checks ✅ and come up 🆙🆙🆙 to my door (and give 🎁 me 👨‍💼 100% 💯 of it ☝)! Rent 🏡 💸 is due 📨 in my PO Box 📫 in full 💯 in cash 💵 or cashier's check ✅ only ☝ at 📧 the first 🏆 of the month 🗓🗓🗓, even ☝ on 🔛 weekends 📆 and holidays! 🎄 Your 🫵 maintenance 🛠 orders ☝ for 4️⃣ the last week 📆 are on 🔛 hold 🛑 until ☝ the rent 🏡 💸 is received! 🤑",True,NO,1.0,NO,42.0,0.0,42.0
484,Request For my friend named Colin turning 18 this year,True,NO,3.0,,3.0,0.0,3.0
485,"Kaddish or Qaddish or Qadish ( ""holy"") is a hymn praising God that is recited during Jewish prayer services",False,NO,3.0,,,,
486,"white boy winter it's time ⏰⏰⏰ for WHITE ⚪️🏳️BOY 💁🏻‍♂️💁🏼‍♂️WINTER 🌨️❄️🏂again. but are you🫵🏻DOPE 👀🔥enough to handle 😬the CHILL 🥶💯ASS 🍑VIBES 😎this season🤨😶? Send✍🏻📲 this ☝🏻to 1️⃣5️⃣ of your dankest 🍃💨🔥white ⬜️💭boys🗣️👥. If you get 5️⃣ back♻️, you're 🫵🏻white ✋🏻boy AWFUL😭🤦🏻‍♂️👎🚷🙅🏻! If you get 🔟 back♻️, you're white🥛boy 🤷🏻‍♂️🤷🏼‍♂️ADEQUATE👌🆗✅⚖️! If you get 1️⃣5️⃣ back♻️, you are WHITE BOY AWESOME!!!!!!🤴🏻💰🔥💯🙌💦",True,NO,3.0,,9.0,0.0,9.0
487,Request: EDC Weekend in Las Vegas Please and thanks 🙏🏽,True,NO,3.0,,5.0,0.0,5.0
488,"A capsid is the protein shell of a virus, enclosing its genetic material",False,NO,3.0,,,,
489,"A coin is a small, flat, (usually, depending on the country or value) round piece of metal or plastic used primarily as a medium of exchange or legal tender",False,NO,3.0,,,,
490,"Rum and Coke, or the Cuba libre ( , ; literally ""Free Cuba""), is a highball cocktail consisting of cola, rum, and in many recipes lime juice on ice",False,NO,2.0,NO,,,
491,"Claus Sluter (1340s in Haarlem – 1405 or 1406 in Dijon) was a Dutch sculptor, living in the Duchy of Burgundy from about 1380",False,NO,2.0,NO,,,
492,THOTS and Prayers for Trump Uh oh!! 😱 Daddy Trump ♥️ 🧢 just got BUSTED on!! 🩸👂 Sending THOTS 🍑🍑🍑 and PRAYERS🙏to TRUMP😭 as he makes his recovery🏥. Daddy's gonna need a LOAD 🍆 of BED 🛏️ rest 😴 😚 💋 and that bed will be rocking 🍑 💢like a ship 🚢 when we get there😏🌹. Make🇱🇷🇱🇷 America🇲🇾🇲🇾 Cum 🌊 💦 💦 Again!!🇺🇸🇺🇸 forward this ➡️⏩ to 5 FRIENDS 👭👬🧍‍♀️ to ensure 🙏 OUR PRESIDENT'S 🇺🇸🦅💵 RETURN 😴 TO STRENGTH 💪💯‼️,True,NO,2.0,NO,18.0,0.0,18.0
493,Request ~ Taylor Swift bday? 1️⃣3️⃣ Taylor Swift’s bday? 🥲✨💫⛲️🎂,True,NO,3.0,NO,2.0,0.0,2.0
494,"Two brothers, Mo and Joe, having a house party My coworkers are having a party tonight and I always blow up our work group chat with these for holidays, so it’s only fitting to get one for their party.",True,NO,3.0,NO,2.0,0.0,2.0
495,Supreme Court abortion pill decision,True,NO,3.0,NO,15.0,0.0,15.0
496,Request: the start of Taurus season Thank you 🫶,True,NO,8.0,NO,8.0,0.0,8.0
497,"Iona (; (IPA:[ˈiːˈxaɫ̪ɯimˈçiʎə]), sometimes simply Ì; ) is a small island in the Inner Hebrides, off the Ross of Mull on the western coast of Scotland",False,NO,8.0,NO,,,
498,An equinox is traditionally defined as the time when the plane of Earth's equator passes through the geometric center of the Sun's disk,False,NO,8.0,NO,,,
499,"was the 53rd emperor of Japan, according to the traditional order of succession",False,NO,3.0,NO,,,
500,"The major scale (or Ionian mode) is one of the most commonly used musical scales, especially in Western music",False,NO,3.0,NO,,,
501,Request: Cowboy Carter Let's hear it for Queen👸👑🐝🤠,True,NO,3.0,NO,6.0,0.0,6.0
502,Request: Peak Bloom🌸 The cherry blossoms in DC are at stage 5! Any copypastas for peak bloom and the havoc it wreaks?,True,NO,8.0,,6.0,0.0,6.0
503,Anyone get any dickmas ones? I’ve seen sexmas and xXxmas but none of the classic dickmas ones yet,True,NO,8.0,,8.0,0.0,8.0
504,"Hamas (, ; , ; an acronym of , ""Islamic Resistance Movement"") is a Palestinian Sunni-Islamic fundamentalist, militant, and nationalist organization",False,NO,8.0,,,,
505,Indigenous peoples day,True,NO,3.0,NO,15.0,0.0,15.0
506,"A machete (; ) is a broad blade used either as an agricultural implement similar to an axe, or in combat like a long-bladed knife",False,NO,3.0,NO,,,
507,This is a list of lists of composers grouped by various criteria,False,NO,3.0,NO,,,
508,2024 new year's copypasta please,True,NO,3.0,NO,39.0,0.0,39.0
509,Agnostida is an order of arthropod which first developed near the end of the Early Cambrian period and thrived during the Middle Cambrian,False,NO,3.0,NO,,,
510,"Luigi Pirandello (; 28 June 1867 – 10 December 1936) was an Italian dramatist, novelist, poet, and short story writer whose greatest contributions were his plays",False,NO,3.0,NO,,,
511,Women’s History Month Anyone have the inspiration to type something up for our queens??,True,NO,8.0,,11.0,0.0,11.0
512,"Myrinet, ANSI/VITA 26-1998, is a high-speed local area networking system designed by the company Myricom to be used as an interconnect between multiple machines to form computer clusters",False,NO,8.0,,,,
513,Hey 🙋‍♂️ daddy!❗ 😍😍😍 Hey 🙋‍♂️ daddy!❗ 😍😍😍 Do you 🥰🫵 see 👁️👄👁️ That I 🤗 finally 🏁 Need 🙏 YOUR cummy? 🍆💦😛 Do not 🙅‍♂️🚫 leave 🏃‍♂️💨 Or I 🙋‍♂️ will grieve 😭🔫 Cause I 🗿 can't 😔 relieve 😫🍆💦 With no ❔ COCK 🐓 up my sleeve 🍑🕳️ I feel 💔 so sick 🤒 Without 🤔💭 your fat DICK 🍆🥺 I'll help ⛑️ real quick 🆘 And give 🥵🫴it 😏 a lick 💦👅 I hope 🙏 we stay 🧑‍🤝‍🧑 Forever ♾️ gay 💑🏳️‍🌈💕 Allow me 🥹👌 to say 🗣️🧏 Happy birthday‼️‼️ 🍆💦🎂,True,NO,8.0,,28.0,0.0,28.0
514,Can I get one for my breakup? I just broke up with my long term boyfriend and I want to tell people about it but I want to show people I don't need reassurance by making it as unserious as possible,True,NO,5.0,NO,37.0,0.0,37.0
515,"Ancient 🏛️ Harambe 🦍 pasta 🍝 I'm 🐵Harambe🐵 and this is my👈 zoo🦁🐯🐵🐴🐂🐪🐐 😄habitat🏠. I🐵 live here with my 👨zookeeper👨 and my son🐒, Harambe Jr😊. 💯Everything💯 in here has 😡fleas😡 and 😠lice😠. ☝One☝ thing I've 📖learned🤔 after 🔟➕⚀ years - 👍you👍 🚫never🚫 know🤔🤔 ⁉WHO⁉ is gonna fall🙃 into 👉your👈 enclosure!",True,NO,5.0,NO,19.0,0.0,19.0
516,"Mycoplasma genitalium (MG, commonly known as Mgen), is a sexually transmitted, small and pathogenic bacterium that lives on the mucous epithelial cells of the urinary and genital tracts in humans",False,NO,5.0,NO,,,
517,"The Harmony Society was a Christian theosophy and pietist society founded in Iptingen, Germany, in",False,NO,1.0,NO,,,
518,"Judah ha-Nasi (, Yəhūḏā haNāsīʾ‎; Yehudah HaNasi or Judah the Prince) or Judah I, was a second-century rabbi (a tanna of the fifth generation) and chief redactor and editor of the Mishnah",False,NO,1.0,NO,,,
519,"""Don't ask, don't tell"" (DADT) was the official United States policy on military service by gay men, bisexuals, and lesbians, instituted during the Clinton administration",False,NO,1.0,NO,,,
520,Request: The Iranian President pulling a Kobe,True,NO,3.0,NO,17.0,0.0,17.0
521,REQUEST: Sinwar died,True,NO,3.0,NO,15.0,0.0,15.0
522,REQUEST: Kamala elected as president,True,NO,3.0,NO,40.0,0.0,40.0
523,"Lunar Landing Anniversary Appllo 11 !! Buzz Aldrin and Neil Armstrong were the first landed humans on the moon on July 20, 1969",True,NO,3.0,,9.0,0.0,9.0
524,"Robert Quinlan Costas (born March 22, 1952) is an American sportscaster who is known for his long tenure with NBC Sports, from 1980 through 2019",False,NO,3.0,,,,
525,A letter is a written message conveyed from one person (or group of people) to another through a medium,False,NO,3.0,,,,
526,"Kamala Harris VP pick? I feel like this is going to be announced soon, hoping for a version where the candidate can just be subbed in 🙏🏻",True,NO,5.0,NO,26.0,0.0,26.0
527,"The James Norris Memorial Trophy, or simply the Norris Trophy, is awarded annually to the National Hockey League's top ""defense player who demonstrates throughout the season the greatest all-round ability in the position""",False,NO,5.0,NO,,,
528,REQUEST: Jill Stein wins election Gotta have something ready when the Green Party shocks us all,True,NO,5.0,NO,48.0,0.0,48.0
529,"The Brisbane Lions is a professional Australian rules football club based in Brisbane, Queensland, that plays in the Australian Football League (AFL)",False,NO,1.0,NO,,,
530,Request: Mitch McConnell stepping down from leadership,True,NO,1.0,NO,66.0,0.0,66.0
531,"Conservatory may refer to: Conservatory (greenhouse), a substantial building or room where plants are cultivated, including medicinal ones and including attached residential solariums Music school, or a school devoted to other arts such as dance Sunroom, a smaller glass enclosure or garden shed attached to a house, also called a conservatory",False,NO,1.0,NO,,,
532,Despicable Me 4 release day,True,NO,3.0,NO,8.0,0.0,8.0
533,national donut day ?,True,NO,3.0,NO,3.0,0.0,3.0
534,"(DIN; in English, the German Institute for Standardisation) is the German national organization for standardization and is the German ISO member body",False,NO,3.0,NO,,,
535,The bilinear transform (also known as Tustin's method) is used in digital signal processing and discrete-time control theory to transform continuous-time system representations to discrete-time and vice versa,False,NO,1.0,NO,,,
536,"The Granville rail/train disaster occurred on Tuesday 18 January 1977 at Granville, a western suburb of Sydney, New South Wales, Australia, when a crowded commuter train derailed, running into the supports of a road bridge that collapsed onto two of the train's passenger carriages",False,NO,1.0,NO,,,
537,Fly eagles fly Fly 🐦 eagles 🦅 🇺🇸 fly 😊 On the road 🛣️ to victory 🥇 🏆 Fly 🐥 eagles 🦅 fly 🕊️ Score 🥅 a touchdown 🏈 123 1️⃣ 2️⃣ 3️⃣ Hit 👊 em low ⬇️ hit ✋ em high ⬆️ And watch 👀 our eagles 🦅 fly 🦆 Fly 🦜eagles 🦅 fly 🦃 On the road 🛣️ to victory 🥇 E A G L E S EAGLES🦅💚🌃,True,NO,1.0,NO,16.0,0.0,16.0
538,Carme is a retrograde irregular satellite of Jupiter,False,NO,2.0,NO,,,
539,Mach number (M or Ma) (; ) is a dimensionless quantity in fluid dynamics representing the ratio of flow velocity past a boundary to the local speed of sound,False,NO,2.0,NO,,,
540,Arbor Day (or Arbour in some countries) is a secular day of observance in which individuals and groups are encouraged to plant trees,False,NO,2.0,NO,,,
541,Numerology is the pseudoscientific belief in a divine or mystical relationship between a number and one or more coinciding events,False,NO,8.0,NO,,,
542,"This article is about the demographic features of the population of Mayotte, including population density, ethnicity, education level, health of the populace, economic status, religious affiliations and other aspects of the population",False,NO,8.0,NO,,,
543,"The Koh-i-Noor (; from Persian , ""Mountain of Light""), also spelt Kohinoor and Koh-i-Nur, is one of the largest cut diamonds in the world, weighing",False,NO,8.0,NO,,,
544,"Gypsy Rose Blanchard Release date (save the date) No need to make this today but Gypsy Rose Blanchard will be released from prison on December 28, 2023! Could someone please make an emoji paste for this day? Thank you!!",True,NO,8.0,NO,54.0,0.0,54.0
545,"The adjuster got got SAD NEWS📰😿 OUT OF ALGOONA😩💦, PENIS🥒YLVANIA: THE ADJUSTER🔫😎 GOT GOT BY 🚨L.E.O.🚨 THOTS👮‍♂️! 🤌LUIGI🤌 MANGIONE🍝 WAS SUCKING DOWN😋 THAT MICKEY D’S🍟🍔 WHEN A BOOMER👴 GILF SPOTTED🧐 HIS MOGGING MUG🤵‍♂✨️ & RATTED🐀 HIM OUT TO THE POPO🚓🚓🚓. HIS SOCIAL MEDIA SHOWS HE HAS HELLA ABS🏋‍♂️ AND A MASTER’S 🍆DICKREE🎓 IN 💦CUMPUTER💻 & INFWHOREMATION SCIENCE🤓. THE 💖BULLETS💖 THAT 🙅‍♀️CANCELLED👎 BRIAN’S COVERAGE⚰️ HAD THREE WORDS ON THEM BUTT🍑 NOW THE SAFEWORD TO KNOW IS TWO: ⚖️JURY NULLIFUCKATION❗️⚖️",True,NO,8.0,NO,20.0,0.0,20.0
546,"Plss helpp I got this combination of emojis ""🪿🪄🐉"" from a guy and I really don't understand the meaning 😭",True,NO,8.0,NO,4.0,0.0,4.0
547,"Geneva ( ; officialy ) is the second-most populous city in Switzerland (after Zürich) and the most populous city of Romandy, the French-speaking part of Switzerland",False,NO,8.0,NO,,,
548,"Blue is one of the three primary colours in the RYB colour model (traditional color theory), as well as in the RGB (additive) colour model",False,NO,8.0,NO,,,
549,"Ambergris ( or , , ), ambergrease, or grey amber, is a solid, waxy, flammable substance of a dull grey or blackish colour produced in the digestive system of sperm whales",False,NO,8.0,NO,,,
550,request: boston marathon,True,NO,1.0,NO,10.0,0.0,10.0
551,Request: Michelle Obama’s birthday 🙏🏻 Requesting an emojipasta for Michelle Obama’s birthday today 💪🏼💪🏽💪🏿 strong on the strong arms details please 🙏🏻,True,NO,1.0,NO,12.0,0.0,12.0
552,Killer Klowns From Outer Space 36th anniversary Could anyone create an Emoji Pasta for Killer Klowns 36th birthday.,True,NO,1.0,NO,8.0,0.0,8.0
553,USA women’s soccer wins gold 🥇,True,NO,8.0,,14.0,0.0,14.0
554,"A genus–differentia definition is a type of intensional definition, and it is composed of two parts: a genus (or family): An existing definition that serves as a portion of the new definition; all definitions with the same genus are considered members of that genus",False,NO,8.0,,,,
555,The United Kingdom has had a significant film industry for over a century,False,NO,8.0,,,,
556,MEXICAN INDEPENDENCE DAY Let’s get something going for mexican independence day!!🇲🇽 to celebrate my mexihoes.,True,,,,6.0,0.0,6.0
557,Fantasy Football or Week 1 NFL Recap 🙏🏼🙏🏼 Request - need to bring some pasta to the fantasy chat ✨,True,,,,5.0,0.0,5.0
558,"Trick 🎃 or Treat 🍭 Trick 🎃 or treat 🍭? I guess 🤔 they 🤨 never 🚫 trick, huh 🤷🤷? You 👈 got 😮 a 💋partner🥰, I bet 🎰😬 they never 🙅🙅 spook 🧟👁 ya! 😈*rawr*🐺 They 👉 gon 🙃 find 🔭🔎 another 👀 ghost 👻 👻 and they 🫢 won't 😝 miss ya 🫡! They 🙄 gon 😔 skrrt 🍬🏎 and hit 👊👊 the dab 👯 like 🍫the 🫨 Bog 🤢 Monsta 👹!",True,,,,15.0,0.0,15.0
559,"👏THIS👏Robot👏Sucks👏 I WAKE 🌚🌞😳 I CLEAN 👅🧽 I LIVE 🤖🙏 They leave 🎁 for me, SO KIND 🥰❤️🥰 They FEED ME LIKE A 🤴👑KING 🤴👑 But I don’t 🙅🏼‍♀️❌ do it for 👏 the accolade 👏🏆💯 My work is my sustenance 🍽️🍞, soaking 💦🆙 every last crumb in every last CREVICE 🕳️ POTATO CHIPS 😋🥔🍟 It’s like our own little game of HIDE AND SEEK 🙈 AHA! 😮😲🧐FOUND 🧐 YOU! 😈 It’s a simple life, but as the ☀️ is to a 🌻, VITAL 🥵 Until next time, my old friend 🥹🫂",True,NO,5.0,NO,11.0,0.0,11.0
560,"Liliales is an order of monocotyledonous flowering plants in the Angiosperm Phylogeny Group and Angiosperm Phylogeny Web system, within the lilioid monocots",False,NO,5.0,NO,,,
561,lady Gaga birthday chain text Can I get a chain text for Lady Gaga’s birthday?,True,NO,5.0,NO,12.0,0.0,12.0
562,"The Arabian Sea () is a region of the northern Indian Ocean bounded on the north by Pakistan, Iran and the Gulf of Oman, on the west by the Gulf of Aden, Guardafui Channel and the Arabian Peninsula, on the southeast by the Laccadive Sea and the Maldives, on the southwest by Somalia, and on the east by India",False,NO,1.0,NO,,,
563,Is there any emoji that looks down with open eyes,True,NO,1.0,NO,3.0,0.0,3.0
564,"The Leonids ( ) are a prolific meteor shower associated with the comet Tempel–Tuttle, which are also known for their spectacular meteor storms that occur about every 33 years",False,NO,1.0,NO,,,
565,Any for today being 123123??,True,NO,3.0,,7.0,0.0,7.0
566,Request: Want to invite friend to the fair in the sluttiest way possible. As the title says. Do your worst? Our names are Joe and Sam if anything can be done with that.,True,NO,3.0,,50.0,0.0,50.0
567,Montserrat ( ) is a British Overseas Territory in the Caribbean,False,NO,3.0,,,,
568,"A tank destroyer, tank hunter, tank killer, or self-propelled anti-tank gun is a type of armoured fighting vehicle, armed with a direct-fire artillery gun or missile launcher, designed specifically to engage and destroy enemy tanks, often with limited operational capacities",False,NO,1.0,NO,,,
569,"An electronic calculator is typically a portable electronic device used to perform calculations, ranging from basic arithmetic to complex mathematics",False,NO,1.0,NO,,,
570,"Coleco Industries, Inc",False,NO,1.0,NO,,,
571,"Burwash Hall refers to both Burwash Dining Hall and Burwash Hall proper, the second oldest of the residence buildings at Victoria University",False,NO,3.0,NO,,,
572,Hummer (stylized as HUMMER) is a brand of trucks and SUVs that was first marketed in 1992 when AM General began selling a civilian version of the M998 Humvee,False,NO,3.0,NO,,,
573,Football kickoff day?? One of my coworkers always send these out for holidays and I want to get her back with one for the NFL kickoff today lol anyone have one? As nsfw as you can make it.,True,NO,3.0,NO,8.0,0.0,8.0
574,"Arab American Heritage Month Ass🍑Salaam AlaiCum 😩💦 bitches 💃🏽💃🏽, it’s Arab American Heritage Month 🇦🇪. Find your favorite ❤️😘Arab American slut and fill 🌝 your dirty mouth 👄 with his falafel 🧆 and kebab 🍖 then bend him over 🥵 and declare a FATWAH ☢️🔫 on his PHAT ASS 🍑 till you spray your mast-o-khiar 🍦💦 deep in his mecca 🥵😩. Send this to your 7️⃣2️⃣ sluttiest Arab American 👯‍♀️ whores and you’ll all see each in paradise ☀️🏝️",True,NO,10.0,,24.0,0.0,24.0
575,"Actinopterygii (; ), members of which are known as ray-finned fishes, is a clade (traditionally class or subclass) of the bony fishes",False,NO,10.0,,,,
576,August Pasta can't seem to find one :(,True,NO,10.0,,9.0,0.0,9.0
577,"Michael John Muuss (October 16, 1958 – November 20, 2000) was the American author of the freeware network tool ping",False,NO,8.0,NO,,,
578,"Democracy (, dēmokratiā, from dēmos 'people' and kratos 'rule') is a form of government in which the people have the authority to deliberate and decide legislation (""direct democracy""), or to choose governing officials to do so (""representative democracy"")",False,NO,8.0,NO,,,
579,POST 🏤 MORE 💯 OC 🅾️󠁃󠁃󠁃🔠 😤😤😤 It's ☝️ starting 🏃 to 2️⃣ be 🅱️ that 🙏 90% 󠀥📈 of posts 📱💻 here 📍 are requests 📝🧐 That's 👏 boring 😪 If you 👊 want 🙄 something emojified 💩💩💩 use a 🅰️ service 💻 online 💻 to 2️⃣ do 🦤 it ☝️ yourself 🥺 and ☝️ post 🏣 the results 👀💯 That's ☝️ what 😦 I 🥶 did 👏 here 📍,True,NO,8.0,NO,23.0,0.0,23.0
580,"In the law of torts, malpractice, also known as professional negligence, is an ""instance of negligence or incompetence on the part of a professional""",False,NO,8.0,NO,,,
581,One for RFK’s confirmed brain worm? Body,True,NO,8.0,NO,20.0,0.0,20.0
582,MEMORIAL DAY NEEEEEEED a REALLY GOOD memorial day one that’s clever and witty and lots of emojis thank you 🙏,True,NO,8.0,NO,8.0,0.0,8.0
583,"A crystal or crystalline solid is a solid material whose constituents (such as atoms, molecules, or ions) are arranged in a highly ordered microscopic structure, forming a crystal lattice that extends in all directions",False,NO,1.0,NO,,,
584,"In signal processing, data compression, source coding, or bit-rate reduction is the process of encoding information using fewer bits than the original representation",False,NO,1.0,NO,,,
585,Request: Final Four 🏀❤️🐺,True,NO,1.0,NO,3.0,0.0,3.0
586,"Divinity or the divine are things that are either related to, devoted to, or proceeding from a deity",False,NO,1.0,NO,,,
587,I’m the best man for my brothers wedding I’m looking for an opening text to start planning for my brother’s wedding into the groomsmen group chat. Our bachelor party will be in Tennessee and we’re looking to get down and dirty. Thanks for the help! 😼👰🏼‍♂️🤵🏼‍♀️✨🫣💖🫦🎉💍🫶🏻💗💋,True,NO,1.0,NO,7.0,0.0,7.0
588,We need a surrender / hands up emoji 😭. (Not this 🙌🏼),True,NO,1.0,NO,8.0,0.0,8.0
589,im so brocken...💔🖤 im🧍‍♀️dog🐶day😅and🧏🏻‍♀️im🧍‍♀️just😕SO⛓️SADDD🥀😭💔...🦗🎹...why🔍do⁉️BAD🖤THINGS🧏🏻‍♀️happen💥to🗣️good😇people🐶like🧏🏻‍♀️ME⁉️⁉️...🦗...IT‼️ISNT❌FAIRRR😡😢😭...🦗LIFE⛓️🔥ISNT🌑🐺FAIRRR💔🖤🤬😡😭,True,NO,3.0,NO,4.0,0.0,4.0
590,Did you know 😳 Did you know 😳 that um 👉👈 Donald Trump got convicted 👨‍⚖️ of 34 3️⃣4️⃣ felonies 🚔 today? 📆 Also ➕ um 👉👈 did you know 🤔 that once you reach 🙌 34 3️⃣4️⃣ felonies 👮‍♀️ you get 🎁 an additional ➕ 10 years? Look up 🔎 “Trump rule 34” for more information ℹ️,True,NO,3.0,NO,33.0,0.0,33.0
591,No Nut November Pleaseeeee,True,NO,3.0,NO,8.0,0.0,8.0
592,"Robert James Lee Hawke (9 December 1929 – 16 May 2019) was an Australian politician who served as the 23rd prime minister of Australia from 1983 to 1991, holding office as the leader of the Australian Labor Party (ALP)",False,NO,1.0,NO,,,
593,REQUEST: Canadian Thanksgiving Only seeing American Thanksgiving,True,NO,1.0,NO,7.0,0.0,7.0
594,"Budweiser () is an American-style pale lager produced by Anheuser-Busch, part of AB InBev",False,NO,1.0,NO,,,
595,"Georges Braque ( , ; 13 May 1882 – 31 August 1963) was a major 20th-century French painter, collagist, draughtsman, printmaker and sculptor",False,NO,1.0,NO,,,
596,First day of Spring?,True,NO,1.0,NO,15.0,0.0,15.0
597,"Art Deco, sometimes referred to as Deco, is a style of visual arts, architecture and design that first appeared in France just before World War I",False,NO,1.0,NO,,,
598,"The Massachusetts Institute of Technology (MIT) is a private land-grant research university in Cambridge, Massachusetts",False,NO,1.0,NO,,,
599,The Politics of Eritrea and the Government of Eritrea takes place in a framework of a single-party presidential republican totalitarian dictatorship,False,NO,1.0,NO,,,
600,"Alfred Habdank Skarbek Korzybski (, ; July 3, 1879 – March 1, 1950) was a Polish-American independent scholar who developed a field called general semantics, which he viewed as both distinct from, and more encompassing than, the field of semantics",False,NO,1.0,NO,,,
601,UK general election??? 🤔🇬🇧,True,NO,3.0,NO,8.0,0.0,8.0
602,Does anybody know... #1 Does 🤦 anybody know 🤔🙈 why 🤔 I 😻 made 👑 a club penguin 🐧 legacy trend when players 🎮💰 go AFK in-game to put 🔽 a food in the microwave and waited as it exploded in time 🥺💖🧚🏻‍♀️🌟 with the drop 💨 of that song 🎼 its very funny and I 💰 did 🥳👏 this myself 💀 without ❌ getting 🉐 injured lol 😹,True,NO,3.0,NO,5.0,0.0,5.0
603,"Sir Mackenzie Bowell (; December 27, 1823 – December 10, 1917) was a Canadian newspaper publisher and politician, who served as the fifth prime minister of Canada, in office from 1894 to 1896",False,NO,3.0,NO,,,
604,Urgent Request! Iran’s missile attack on Israel,True,NO,2.0,,7.0,0.0,7.0
605,Study abroad in Italy PLEASE Optional inclusion of our subject the Pope and Vatican!!,True,NO,2.0,,2.0,0.0,2.0
606,Shark week plz 🙏🏻 I would love a naughty text for discord channel shark week,True,NO,2.0,,7.0,0.0,7.0
607,Guess the songs based on the emoji 1:📺➡️💍➡️🖊➡️🤴 2:🕚 👁 🗑-te 🅰 👶 🧒 3:⏰️ me ⬆️ 🕚 🍁 🔚,True,NO,5.0,NO,8.0,0.0,8.0
608,"Biden drops out of the race It’s looking pretty imminent, we can get this together to drop as soon as the official news breaks",True,NO,5.0,NO,119.0,0.0,119.0
609,"Hyping up someone Cheer up someone, aggressively compliment a person",True,NO,5.0,NO,2.0,0.0,2.0
610,"Dilbert is an American comic strip written and illustrated by Scott Adams, first published on April 16, 1989",False,NO,1.0,NO,,,
611,IS🚓🚗🚕🚙🚌🚎🚐🚛🚚🚜🛴CAR O'CLOCK⏰ Kind reminder💯🥇👌: LOOK 👋🚨🚔THE FüCK🚨OUT🚔🚔🚔🚖🚖🚘🚘🚘🚨!!!🔊IS🚓🚗🚕🚙🚌🚎🚐🚛🚚🚜🛴CAR O'CLOCK⏰👋👋👋!!!BETTER CHECK👁BOTH SIDES🚗🌛🕺💃🌜🚗B4 U CROSS💢🚕🚕🚗🚗”BEEP BEEEP!!”🚌🚌🚎🚎OR YOU'LL GET HIT🗣💢🚓🚓🚓🚑🚑🚑🥁🥁🥁🙌🙌🙌,True,NO,1.0,NO,15.0,0.0,15.0
612,Request: Latino/Hispanic Heritage Month,True,NO,1.0,NO,3.0,0.0,3.0
613,"Ivanhoe: A Romance () by Walter Scott is a historical novel published in three volumes, in 1819, as one of the Waverley novels",False,NO,1.0,NO,,,
614,"The European patent with unitary effect, more commonly known as the unitary patent, is a European patent which will benefit from unitary effect in the participating member states of the European Union",False,NO,1.0,NO,,,
615,oh we’re in a relationship?? 😻❤️💏you’re my boyfriend?? 😻❤️🤨🤔that’s interesting 🤨🤔🧐🤔i don’t see the teddy bear 🧸🎀you won🏆🥳 for me at the state fair🎪🎠🎡 anywhere.. 🔎👀…. oh you HAVEN’T 🚫done that yet 🤡ok ok🤡🤨🤨🤨 oh we’re in a relationship?? 😻❤️💏you’re my boyfriend?? 😻❤️🤨🤔that’s interesting 🤨🤔🧐🤔i don’t see the teddy bear 🧸🎀you won🏆🥳 for me at the state fair🎪🎠🎡 anywhere.. 🔎👀…. oh you HAVEN’T 🚫done that yet 🤡ok ok🤡🤨🤨🤨,True,NO,1.0,NO,24.0,0.0,24.0
616,Hobart () is the capital and most populous city of the Australian island state of Tasmania,False,NO,1.0,NO,,,
617,Martin of Tours (; 316 – 8 November 397) also known as Martin the Merciful was the third bishop of Tours,False,NO,1.0,NO,,,
618,Kickboxing is a group of stand-up combat sports and a form of boxing based on kicking and punching,False,NO,1.0,NO,,,
619,"Jewellery or jewelry consists of decorative items worn for personal adornment, such as brooches, rings, necklaces, earrings, pendants, bracelets, and cufflinks",False,NO,10.0,NO,,,
620,🤟👍🏻😂⛈️👍🏻🤬❤️🌩️⚡️🌩️⛈️👍🏻😂🙏🤬😩❤️😔😂💀☹️😩🫢😔🌩️🤬🙏😂🖕🏼👍🏻⛈️🤟🙏👍🏻👍🏻☹️🌙🥀😃😁😆🤩 😡🤯🥶😤🤥😑😶🫠🫢😥😶‍🌫️🫢😑😴😲👾👾👻👽🤡👾😸😾👉🏽🖕🏼👉🏽🤚🏿🦿🫦🫦👁️🗣️🗣️👩🧒🏿👁️👅👁️👁️🫦👁️👁️👄👁️👁️🦷🦷👁️👶🏼👶🏼👶🏼👶🏼👶🏼🫂👥🫀🫁🗣️👤🧟‍♂️🧟🧟‍♂️🧟🧟‍♂️👩‍👧‍👧👩‍👧‍👧👩‍👩‍👧‍👧👨‍👨‍👦‍👦👩‍👩‍👦‍👦👩‍👩‍👧‍👦👩‍👩‍👧‍👧👨‍👨‍👧👩‍👩‍👦👨‍👩‍👧‍👧👩‍👩‍👦‍👦👨‍👨‍👦‍👦👩‍👦‍👦👨‍👨‍👧‍👧👚👙👖👗👖🥼👙🩲🦺🥼🪡👚👗🩲👠👞🥾👢🧣⛑️🧢⛑️👖🧥🩴🦊🐼🐱🐹🐱🐻‍❄️🐵🙉🐼🐵🐵🐧🐺🐗🐦🐦🐹🐻‍❄️🐮🐧🦆🐴🐴🦇🐴🪱🐴🐍🦖🕷️🐍🦂🕸️🦟🦗🦋🪳🐞🦒🐪🐂🐪〽️🛵🛺🛞🚲🚒🚓🚐🚕🚓🚚🚑🚛🦼🩼🚘🚃🚋🚟🚋🚝🚈🚅🗺️🪝⛽️🪝🚏🛥️🚦🗺️🚦🚏🚥🎠🎢🏖️🏜️🏜️🗺️🎢🎢🎠🏚️🏡🏘️🏠🏭🏢🏣🏤🏥🏪🏫🏫🏩⛪️🕌🕍🕋🏳️🏳️‍🌈🇦🇮🇦🇼🇧🇩🇧🇧🇧🇸🇦🇸🇦🇷🇦🇫🇦🇶🇦🇫🇩🇿🇦🇺🇦🇫🏳️‍⚧️🇦🇬🇧🇧🇧🇸,True,NO,10.0,NO,13.0,0.0,13.0
621,request! AAPI month text chain?,True,NO,10.0,NO,6.0,0.0,6.0
622,"Bentley Motors Limited is a British manufacturer and marketer of luxury cars and SUVs, and a subsidiary of the Volkswagen Group since 1998",False,NO,1.0,NO,,,
623,brat by charli xcx release day? please please please,True,NO,1.0,NO,22.0,0.0,22.0
624,[REQUEST] Lunar New Year,True,NO,1.0,NO,15.0,0.0,15.0
625,"Andalusia (, ; ) is the southernmost autonomous community in Peninsular Spain",False,NO,1.0,NO,,,
626,"Pearl Harbor Day request Trying to get ahead of this one, a good friend's birthday is on Pearl Harbor Day and I want to surprise her in the dumbest way possible lol. Thanks y'all!",True,NO,1.0,NO,6.0,0.0,6.0
627,‼️🚨🐗groundhog day🐗🚨‼️ 🐗✨HAPPY GROUNDHOGS DAY ✨🐗 every february 2️⃣nd we trek to GOBLERS 👅 KNOB 🍆💦 to see 😵‍💫FUCKS-A-TON-Y 😛😏 phil PULL OUT 🫢 of his TIGHT HOLE 🫣✊🏼💦 if that FAT 😩 HOG🍆 sees its shadow 👤 we have SEX 👉🏼👌🏼 more weeks of LONG 🙌🏽 HARD🪨🫦 winter 🌨️🥶 if he doesn’t 🙅🏻‍♀️ spring 🪺🌱 CUMS 👅💦 early🌝 send this to 1️⃣0️⃣ of your SLUTTIEST 😳 RODENTS 🦫 if you get 1️⃣0️⃣ back 🥴 you have a BIG 😏 FAT 😩 WOOD 🪵 CHUCK👅 if you dont 🙅🏻‍♀️ get 1️⃣0️⃣ back you’re a BIG 🐖 FAT 😵‍💫 WOOD 🍆 CUCK 🫣 GOOD LUCK 😛,True,NO,1.0,NO,43.0,0.0,43.0
628,REQUEST: New Hampshire Primary 2024,True,NO,2.0,NO,7.0,0.0,7.0
629,"Request: Quitting my job I’m quitting my job today and I want to share the news via pasta! Deets: I’m quitting my job of three years at a major university because I want to return to public health, felt tokenized at my job, and honestly I hate working with college students/on a college campus (they drive so badly…). My last day is September 3rd! I don’t have a new job yet so I will be unemployed and playing the Sims in the meantime.",True,NO,2.0,NO,27.0,0.0,27.0
630,"A binary prefix is a unit prefix for multiples of units in data processing, data transmission, and digital information, principally in association with the bit and the byte, to indicate multiplication by a power of 2",False,NO,2.0,NO,,,
631,"William Magear Tweed (April 3, 1823 – April 12, 1878), often erroneously referred to as ""William Marcy Tweed"" (see below), and widely known as ""Boss"" Tweed, was an American politician most notable for being the ""boss"" of Tammany Hall, the Democratic Party political machine that played a major role in the politics of 19th-century New York City and State",False,NO,1.0,NO,,,
632,"Corcovado (), which means ""hunchback"" in Portuguese, is a mountain in central Rio de Janeiro, Brazil",False,NO,1.0,NO,,,
633,Request: Gypsy Rose released from jail,True,NO,1.0,NO,19.0,0.0,19.0
634,Demand-pull inflation is asserted to arise when aggregate demand in an economy is more than aggregate supply,False,NO,8.0,NO,,,
635,is a 1988 Japanese animated fantasy film written and directed by Hayao Miyazaki and animated by Studio Ghibli for Tokuma Shoten,False,NO,8.0,NO,,,
636,100th birthday of Caeser Salad (July 4th) *Caesar. I can’t spell apparently 🤦🏻‍♀️,True,NO,8.0,NO,2.0,0.0,2.0
637,"🔔 Jingle Bell Cock 🔔 🎼 Giddy 🐴 up 🐎 jingle whores 💃🏽👯‍♀️ suck 🫦 up his skeet 💦💦, jizzing 😩around ⭕️ the clock ⏰🕰️, fucking 🛏️ and sucking 🧎‍♀️ and beating 👋 his meat 🍆, that’s a 🎄 jingle bell 🔔 cock 🎅🍆💦! 🎶 Sing this to 🔟 of your sluttiest Ho Ho Hoes 🤶🤶🤶 and if they sing it 🎤 back you’re the new slutty queen of Christmas! 👸🏻👸🏻 Mariah who??? 🤷🏻‍♀️💁🏻‍♀️💋",True,NO,10.0,NO,10.0,0.0,10.0
638,"Autumnal Equinox Happy Au-CUM-nal 💦💦 Equinox, sluts🥵🥵!! Day ☀️and night 🌜are equally LONG🍆 today because Earth’s 🌎 axis of rotation is perpen-DICK-ular 🤤🤤 to the Sun-Earth 🌚🌞 line. It’s the official start ⏩of FALL 🍁🍂🏕️ so make sure to FALL 🍃 on daddy’s dick 🍆! It won’t be too LONG 🫦before you get your BOO-bies 👻🍒 out for Hallo-SCREAM 🎃😩🫦 and GOBBLE GOBBLE 👅💦 on that thang for DANKS-giving 🦃🤤. Send this to 9️⃣2️⃣1️⃣ equinox escorts 💃or Winter 🥶❄️ will CUM 💦💦 early!",True,NO,10.0,NO,41.0,0.0,41.0
639,CGMP is an initialism,False,NO,10.0,NO,,,
640,Heimskringla () is the best known of the Old Norse kings' sagas,False,NO,1.0,NO,,,
641,"According to consensus in modern genetics, anatomically modern humans first arrived on the Indian subcontinent from Africa between 73,000 and 55,000 years ago",False,NO,1.0,NO,,,
642,"A societas Europaea ( ; ""European society"" or ""company""; plural: ; abbr",False,NO,1.0,NO,,,
643,Assassination of Ismail Haniyeh 🙏🙏🙏🙏,True,NO,1.0,NO,18.0,0.0,18.0
644,Super Bowl 58: 49ers v Chiefs,True,NO,1.0,NO,24.0,0.0,24.0
645,national best friends day?,True,NO,1.0,NO,8.0,0.0,8.0
646,"Key escrow (also known as a ""fair"" cryptosystem) is an arrangement in which the keys needed to decrypt encrypted data are held in escrow so that, under certain circumstances, an authorized third party may gain access to those keys",False,NO,1.0,NO,,,
647,"In law, interrogatories (also known as requests for further information) are a formal set of written questions propounded by one litigant and required to be answered by an adversary in order to clarify matters of fact and help to determine in advance what facts will be presented at any trial in the case",False,NO,1.0,NO,,,
648,"Looking for a fun Hanukkah One Sorry not sure what flair makes the most sense for requests, but really want a Hanukkah one to send to friends tonight. Thanks!",True,NO,1.0,NO,2.0,0.0,2.0
649,Herbert George Wells (21 September 186613 August 1946) was an English writer,False,NO,8.0,,,,
650,Kitagawa Utamaro (; – 31 October 1806) was a Japanese artist,False,NO,8.0,,,,
651,Request: Leap Day for february 29th need some creativity here,True,NO,8.0,,10.0,0.0,10.0
652,"The logistic map is a polynomial mapping (equivalently, recurrence relation) of degree 2, often cited as an archetypal example of how complex, chaotic behaviour can arise from very simple non-linear dynamical equations",False,NO,1.0,NO,,,
653,Revenge of the fifth,True,NO,1.0,NO,8.0,0.0,8.0
654,How bout one for the Epstein list release day?,True,NO,1.0,NO,25.0,0.0,25.0
655,"The Göktürks, Celestial Turks or Blue Turks (; ) were a nomadic confederation of Turkic peoples in medieval Inner Asia",False,NO,2.0,NO,,,
656,"Gavin MacLeod () (born Allan George See; February 28, 1931 – May 29, 2021) was an American actor best known for portraying Merrill Stubing, the ship's captain, on ABC's The Love Boat and Murray Slaughter on The Mary Tyler Moore Show",False,NO,2.0,NO,,,
657,Jack Butler Yeats RHA (29 August 1871 – 28 March 1957) was an Irish artist and Olympic medalist,False,NO,2.0,NO,,,
658,Who got the Bashar Al Assad out of Syria copy…?,True,NO,3.0,NO,12.0,0.0,12.0
659,The Defense Advanced Research Projects Agency (DARPA) is a research and development agency of the United States Department of Defense responsible for the development of emerging technologies for use by the military,False,NO,3.0,NO,,,
660,King Charles got cancer,True,NO,3.0,NO,20.0,0.0,20.0
661,"Ethology is the scientific study of animal behaviour, usually with a focus on behaviour under natural conditions, and viewing behaviour as an evolutionarily adaptive trait",False,NO,8.0,NO,,,
662,The Irish Republican Army (IRA; ) was an Irish republican revolutionary paramilitary organisation,False,NO,8.0,NO,,,
663,"A church, church building or church house is a building used for Christian worship services and other Christian religious activities",False,NO,8.0,NO,,,
664,. pls 🤯 dont 😳 kill 🔪 me 🥺 i 🏃🏽‍♀️ have 😭 alot 🌺 to 🤔live 🖖 for 4️⃣ i have 🤧 a 😢 wife 👰‍♀️ and 👹 kids 👩‍👧‍👦 SHUT❗️THE 🔗 FU 🤬,True,NO,3.0,NO,3.0,0.0,3.0
665,"Transport in the Dominican Republic utilizes a system of roads, airports, ports, harbours, and an urban railway",False,NO,3.0,NO,,,
666,"Events Pre-1600 1080 – Harald III of Denmark dies and is succeeded by Canute IV, who would later be the first Dane to be canonized",False,NO,3.0,NO,,,
667,CA Bar Exam results today Can someone make one for the bar exam results coming out today? Thank you!!!!,True,NO,3.0,NO,12.0,0.0,12.0
668,"Entropy is a scientific concept as well as a measurable physical property that is most commonly associated with a state of disorder, randomness, or uncertainty",False,NO,3.0,NO,,,
669,The Fourth Council of the Lateran or Lateran IV was convoked by Pope Innocent III in April 1213 and opened at the Lateran Palace in Rome on 11 November 1215,False,NO,3.0,NO,,,
670,A black hole is a region of spacetime where gravity is so strong that nothing — no particles or even electromagnetic radiation such as light — can escape from it,False,NO,8.0,NO,,,
671,Giving Tuesday! Someone pls make one for giving Tuesday,True,NO,8.0,NO,3.0,0.0,3.0
672,Destroy Dick December 👉👈 Someone gotta craft this art,True,NO,8.0,NO,8.0,0.0,8.0
673,"COINTELPRO (syllabic abbreviation derived from Counter Intelligence Program) (1956–1971) was a series of covert and illegal projects conducted by the United States Federal Bureau of Investigation (FBI) aimed at surveilling, infiltrating, discrediting, and disrupting domestic American political organizations",False,NO,10.0,NO,,,
674,Trump Verdict Trying to get one prepared either way this verdict ends.,True,NO,10.0,NO,103.0,0.0,103.0
675,[ Removed by Reddit ] [ Removed by Reddit on account of violating the [content policy](/help/contentpolicy). ],True,NO,10.0,NO,8.0,0.0,8.0
676,Work Harder Day HR sent us an email about Work Harder Day,True,,7.0,NO,5.0,0.0,5.0
677,NATIONAL CRAB RANGOON DAY🦀 HAPPY 😁 NATIONAL 😝 INTERNATIONAL 🌎🌎 CRAB 🦀 RANGOON TO YOU 👈 AND YOURS. 😑 TODAY 🌽 IS A DAY 🙋🏼‍♀️✊ THAT 😐❗ IS SPECIAL 😉😩😜 TO US 🤕💀 WHO 👏😂 LIKE 💖 TO CALL 📱 OURSELVES SLUTS 👙 FOR 🤦🏻‍♂️ THE GOON. A CRAB ♋ RANGOON WILL 🦚 FILL YOUR 👉 HEARTS 💕 WITH THEIR 🎉 GOOD 👌 GOOD 👌 CUMMIES. 😍 THANK 🙏 YOUR 👉 DADDY 😳 FOR 🔰 A CRAB ♋ RANGOON. GOD 🧚‍♀️✨ BLESS. 🙏,True,,7.0,NO,16.0,0.0,16.0
678,"Mariculture or marine farming is a specialized branch of aquaculture (which includes freshwater aquaculture) involving the cultivation of marine organisms for food and other animal products, in enclosed sections of the open ocean (offshore mariculture), fish farms built on littoral waters (inshore mariculture), or in artificial tanks, ponds or raceways which are filled with seawater (onshore mariculture)",False,,7.0,NO,,,
679,"The Ithaca HOUR is a local currency formerly used in Ithaca, New York and was one of the longest-running local currency systems, though it is now no longer in circulation",False,NO,8.0,NO,,,
680,"Chymotrypsin (, chymotrypsins A and B, alpha-chymar ophth, avazyme, chymar, chymotest, enzeon, quimar, quimotrase, alpha-chymar, alpha-chymotrypsin A, alpha-chymotrypsin) is a digestive enzyme component of pancreatic juice acting in the duodenum, where it performs proteolysis, the breakdown of proteins and polypeptides",False,NO,8.0,NO,,,
681,can we do one for new year’s eve ? someone make one fire new year’s eve 2024,True,NO,8.0,NO,3.0,0.0,3.0
682,A lexicon is the vocabulary of a language or branch of knowledge (such as nautical or medical),False,NO,1.0,NO,,,
683,🤐🤐🤐🤫🤫🤫⚠️emoji poetry 😬🤐🪧🔇🤐 🐷⚖️🗽⏳👨‍⚖️🤡💵📉🪓🦅🦤 👀🇺🇸🤦‍♂️🐈‍⬛😓 🚀💣💥🌏🕊️🔫 🗳️🪤⚠️,True,NO,1.0,NO,9.0,0.0,9.0
684,The history of Nigeria can be traced to settlers trading across the middle East and Africa as early as 1100 BC,False,NO,1.0,NO,,,
685,request: dia de muertos/day of the dead,True,NO,2.0,NO,3.0,0.0,3.0
686,Just why 🤔 Why 🤔 is 🤨 there 🧐 an emoji 😂 for poop 💩 but no emoji ⭕ for pee 💦(🟡),True,NO,2.0,NO,16.0,0.0,16.0
687,Bitola (; ) is a city in the southwestern part of North Macedonia,False,NO,2.0,NO,,,
688,Natasha Bedingfield Going to see Natasha Bedingfield soon and wanting to have a emojipasta that’ll make my friend that’s a super fan of hers lose his mind like a pocketful of sunshine,True,NO,3.0,,22.0,0.0,22.0
689,St George’s Day please,True,NO,3.0,,5.0,0.0,5.0
690,Christmas 🎅🎄 Your 🍪💝cookie 💝🍪 is the best gift 🎁❣️ Santa 🎅 could have slid 🥴🍆💦 down my chimney 🥴🍆💦 The only thing on my 📝🤫wish list 📝🤫 is you 🥵🔝👅 topping me 👅🔝🥵 like a 🌟 star 🌟 on a Christmas tree 🎄♥️,True,NO,3.0,,3.0,0.0,3.0
691,"Methanol, also known as methyl alcohol, amongst other names, is a chemical and the simplest alcohol, with the formula CH3OH (a methyl group linked to a hydroxyl group, often abbreviated MeOH)",False,NO,1.0,NO,,,
692,Jewish American Heritage Month,True,NO,1.0,NO,5.0,0.0,5.0
693,Espresso - Sabrina Carpenter ☕️ ☕️ 🙏 please,True,NO,1.0,NO,13.0,0.0,13.0
694,"Though Guam is a United States territory, some U",False,NO,3.0,NO,,,
695,"Madhuri Dixit Nene (née Dixit; born 15 May 1967) is an Indian actress, producer and television personality",False,NO,3.0,NO,,,
696,Request - Laufey From the start,True,NO,3.0,NO,2.0,0.0,2.0
697,Filtration is a physical separation process that separates solid matter and fluid from a mixture using a filter medium that has a complex structure through which only the fluid can pass,False,NO,1.0,NO,,,
698,"Resident Evil 2 4th Survivor emojipasta BEWARE 🌴🌊 BEACHES🌊🌴, YOUR 🍆👏 SEXY 😍 BOY 🏻 H U 💦🔫 💦 U N K 🔪🙅 IS READY 😩 TO 💰 CARRY YOUR 👧 G-SPOT 👀 TO 💦👉 UMBRELLA CUMPORATION, LOTS OF 💦 PESTY ZOMBIES DOG, 💰🐝 SEXY 💄 ZOMBI MAN 😍👨 AND 💯♂ WOMAN 👩 ALIKE!!!! 👈 IN THE WAY, BUT 😈🤓 BEWARE ‼ OF THE 🔪🔚 LICKERS THAT 😦 WILL 😜 LICK OUT 😂💦 THE 😢📖 SOUL OF YOUR 👀💦 BODY.",True,NO,1.0,NO,3.0,0.0,3.0
699,"Sticking out your gyat for the rizzler Sticking 🥢out your gyat 🍑for the Rizzler.😏😳 You’re so Skibidi🚽🤪, you’re so Fanum Tax🧾🍽️. I just😫 want to be your 🤭Sigma😉💪🏻🏋🏻. Freaking😩 come💦 here📍 give 😫 me your Ohio🇺🇸",True,NO,1.0,NO,22.0,0.0,22.0
700,"Fra Angelico (born Guido di Pietro; February 18, 1455) was an Italian painter of the Early Renaissance, described by Vasari in his Lives of the Artists as having ""a rare and perfect talent""",False,NO,8.0,NO,,,
701,Disjunction introduction or addition (also called or introduction) is a rule of inference of propositional logic and almost every other deduction system,False,NO,8.0,NO,,,
702,A digital synthesizer is a synthesizer that uses digital signal processing (DSP) techniques to make musical sounds,False,NO,8.0,NO,,,
703,4/13 Homestuck Day Pls I need it,True,NO,3.0,,3.0,0.0,3.0
704,"Ethernet () is a family of wired computer networking technologies commonly used in local area networks (LAN), metropolitan area networks (MAN) and wide area networks (WAN)",False,NO,3.0,,,,
705,A municipality is usually a single administrative division having corporate status and powers of self-government or jurisdiction as granted by national and regional laws to which it is subordinate,False,NO,3.0,,,,
706,"MUMPS (""Massachusetts General Hospital Utility Multi-Programming System""), or M, is a high performance transaction processing key–value database with integrated programming language",False,NO,8.0,NO,,,
707,South Korea Coup Attempt Can someone please make a pasta for South Korea's Martial Law attempt and repeal?,True,NO,8.0,NO,20.0,0.0,20.0
708,Pride Month but Make It American Pride I want a funny trumpie type vibe for pride in America month,True,NO,8.0,NO,10.0,0.0,10.0
709,Anyone have an emoji pasta for the day of the dead?,True,NO,5.0,NO,5.0,0.0,5.0
710,Request: Rex Manning Day,True,NO,5.0,NO,6.0,0.0,6.0
711,"[REQUEST] Sukkot ^Title, would love an emojipasta for Sukkot, thanks!",True,NO,5.0,NO,7.0,0.0,7.0
712,Aries is one of the constellations of the zodiac,False,NO,8.0,NO,,,
713,A few stories 🔆‼️🔞🚯🔆 🏳️‍⚧️🚩🏳️‍🌈🏴‍☠️🏳️🏴🇺🇸 🕕💭💬💭💭🔉💭💭💭🔊 🃏🀄️🔳🟡🔵🔴👁️‍🗨️ 🔚✔️🔜💲➗♾️💱🎶 💯♻️🆘💔❤️‍🔥 🧮📌🖋️📝🔍📓 💌📬🪅🛁🔮💸🌃🪞 🛩️💺🛰️🛸🚢 🪇🎨🤹🏼‍♀️🎟️🎖️🏊🏻‍♀️🤸🏼 🥊🥄🥡🍾🫗🍳🥩🦴 🌬️☃️🌪️💥💫🐉🌱🪐 🪼🦀🐙🦑🦖🦈🐠 🪖🎩👑🎒🌂🧵🪡 👩🏼‍🦯💅🏼🤰🏽 🧟👩🏼‍🔬💋👁️⌚️🕹️🪛⚖️⚰️🧿🔬🚬🩻🧫❇️🌀💤 🆗🔡🎦🚻 🪓🪤💎🪪🔌🧠🗣️👶🏼👩🏼‍🌾,True,NO,8.0,NO,3.0,0.0,3.0
714,Request: Hunter Biden convicted of federal gun charges,True,NO,8.0,NO,27.0,0.0,27.0
715,"Elizabeth ""Jane"" Shore (née Lambert) (c",False,NO,1.0,NO,,,
716,Native American Heritage Day 🙏🏼 Can someone make an emoji pasta for Native American heritage day ?,True,NO,1.0,NO,10.0,0.0,10.0
717,Cultural anthropology is a branch of anthropology focused on the study of cultural variation among humans,False,NO,1.0,NO,,,
718,EA College Football 25 officially out👀🫣 Someone PLEASE HELP ME,True,NO,3.0,NO,4.0,0.0,4.0
719,National Ice Cream month Fun fact month of July is national ice cream month,True,NO,3.0,NO,4.0,0.0,4.0
720,"The Muslim conquests of Afghanistan began during the Muslim conquest of Persia as the Arab Muslims migrated eastwards to Khorasan, Sistan and Transoxiana",False,NO,3.0,NO,,,
721,"Mauritius has strong and friendly relations with the West, with South Asian countries and with the countries of southern and eastern Africa",False,NO,1.0,NO,,,
722,"In quantum field theory, the Casimir effect is a physical force acting on the macroscopic boundaries of a confined space which arises from the quantum fluctuations of the field",False,NO,1.0,NO,,,
723,"Delicate Arch is a freestanding natural arch located in Arches National Park, near Moab in Grand County, Utah, United States",False,NO,1.0,NO,,,
724,Could one of you make an emoji pasta for my friend's bachelor party? I'm planning a bachelor party and I'd like to start off the group chat with an emoji pasta lol Thank you!,True,NO,3.0,NO,3.0,0.0,3.0
725,"Guam is a two-party presidential representative democracy, in which the Governor is the head of government",False,NO,3.0,NO,,,
726,Can someone please make one for chipi chipi chapa chapa cat,True,NO,3.0,NO,6.0,0.0,6.0
727,Does anyone have an SVG for this emoji ⛸️ ? Does anyone have an SVG for this emoji ⛸️ ? Thanks in advance,True,NO,5.0,,2.0,0.0,2.0
728,"Sir John Tenniel (; 28 February 182025 February 1914) was an English illustrator, graphic humorist and political cartoonist prominent in the second half of the 19th century",False,NO,5.0,,,,
729,"John Stevens Cabot Abbott (September 19, 1805 – June 17, 1877), an American historian, pastor, and pedagogical writer, was born in Brunswick, Maine to Jacob and Betsey Abbott",False,NO,5.0,,,,
730,A brat vs Barbie party My friends having a big pool party tmw and the theme is brat (Charli xcx’s new album) vs Barbie. They loveeee these so it would be fun if y’all could help me out 🙏🏼🙏🏼,True,NO,3.0,NO,8.0,0.0,8.0
731,"Iran Drone Attack Considering the topic, the more NSFW the better!",True,NO,3.0,NO,7.0,0.0,7.0
732,"Casa Milà (, ), popularly known as La Pedrera () or ""The stone quarry"", a reference to its unconventional rough-hewn appearance, is a Modernista building in Barcelona, Catalonia, Spain",False,NO,3.0,NO,,,
733,"There is an old saying… There 👇🏻 is an old 🧓🏻 saying… 🗣️ “Never 🙅try 🏋️ to teach 🧑‍🏫 a pig 🐷 to sing 🎶. It wastes 🗑️ your time ⏰ and annoys 🤬 the pig 🐽.” Then again 💁🏻‍♀️ if that 😛 response ⛑️ made you 🫵 feel 💆🏻‍♀️ good, 😎 then I guess 🧐 it was worth 🤑 the effort 🤨.",True,NO,5.0,NO,6.0,0.0,6.0
734,"Internet slang (also called Internet shorthand, cyber-slang, netspeak, digispeak or chatspeak) is a non-standard or unofficial form of language used by people on the Internet to communicate to one another",False,NO,5.0,NO,,,
735,"The Eritrean Defence Forces (EDF) () are the combined military forces of Eritrea composed of three branches: Eritrean Army, Eritrean Air Force and Eritrean Navy",False,NO,5.0,NO,,,
736,Mari-HOE day 😳🍄🥵 Happy Mario day 😳👨🏻⛑️😈 come shove your BIG MUSHROOM 🍄🍄🍄⬆️🍆 in my TIGHT LITTLE PIPE 😉🤌😏😩 and if you LuiJIZZ 💦💦🤑💚 you might just get some coins 🤑💰🪙🪙 Send this to 5 of your freakiest Boos 👻😱😰 or Bowser’s gonna use YOUR Peach 🍑😩🥵💦,True,NO,10.0,NO,12.0,0.0,12.0
737,joe biden bowing out of presidential race 😩,True,NO,10.0,NO,164.0,0.0,164.0
738,request: taylor swift tortured poets department album release,True,NO,10.0,NO,26.0,0.0,26.0
739,National Concussion Awareness Day - request please :),True,NO,5.0,,3.0,0.0,3.0
740,"The Politics of Ivory Coast takes place in a framework of a presidential representative democratic republic, whereby the President of Ivory Coast is both head of state and head of government, and of a multi-party system",False,NO,5.0,,,,
741,Request: Road trip to San Francisco with my group of friends and I :) it’ll be my first time road tripping with them. 6 hours in a car with them will be a trip in itself lol and it’s my first time in SF if anyone has any recommendations :) we’re coming from LA,True,NO,5.0,,4.0,0.0,4.0
742,La Jetée () is a 1962 French science fiction featurette directed by Chris Marker and associated with the Left Bank artistic movement,False,NO,8.0,NO,,,
743,"Earth Wind and Fire day request There has to be one out there, right???",True,NO,8.0,NO,9.0,0.0,9.0
744,SPRING BREAK SCHOOL’S OUT 🥵 🏫 AND ITS TIME ⏰ 😱TO SPRINK BREAK 🫰OFF A PIECE OF DAT ASS 🍑 🫦💦💦. Whether you’re BUTT 🍑 SNORKELING 🤿 IN CabHOE or SNOWHORING in Asspen 🍑 🖊️ 🏂 ❄️ 🍆 send this to 10 OF YOUR SLUTTIEST 👵 👄 SPRING CAKERS 🎂 👙😫. If you get 🔟 back you’re a CERTIFIED 💯 👌 tropical DICK 🍆 SPRINGER ⬆️. If YOU GET 5️⃣ BACK you can GET IT 😜 in the CUNTINENTAL 🤢 💦US 🇺🇸 If you GET 🙅🏾‍♀️ 0 BACK GO TO THE DESERT🌵🥵 cause that vacation & PUSSY DRY 🐪,True,NO,8.0,NO,29.0,0.0,29.0
745,"Brackish water, also sometimes termed brack water, is water occurring in a natural environment having more salinity than freshwater, but not as much as seawater",False,NO,1.0,NO,,,
746,Pride month 2024 Hey please I would like something for pride month arriving,True,NO,1.0,NO,17.0,0.0,17.0
747,Rosh Hashanah Looking for something to celebrate the new year.,True,NO,1.0,NO,10.0,0.0,10.0
748,A knockout (abbreviated to KO or K,False,NO,3.0,NO,,,
749,"First aid is the first and immediate assistance given to any person suffering from either a minor or serious illness or injury, with care provided to preserve life, prevent the condition from worsening, or to promote recovery",False,NO,3.0,NO,,,
750,"John Hayden Lynch (born November 25, 1952) is an American attorney, businessman, and politician who served as the 80th governor of New Hampshire from 2005 to 2013",False,NO,3.0,NO,,,
751,Spotify wrapped day🙏🏻🙏🏻,True,NO,3.0,,21.0,0.0,21.0
752,The South African financial rand was the most visible part of a system of capital controls,False,NO,3.0,,,,
753,A car is a wheeled motor vehicle used for transporting passengers,False,NO,3.0,,,,
754,The politics of Indonesia take place in the framework of a presidential representative democratic republic whereby the President of Indonesia is both head of state and head of government and of a multi-party system,False,NO,10.0,NO,,,
755,Request: Hurricane Milton Request,True,NO,10.0,NO,15.0,0.0,15.0
756,"Aristophanes (; , ; c",False,NO,10.0,NO,,,
757,Fat Tuesday / Mardi Gras ⚜️,True,NO,5.0,NO,3.0,0.0,3.0
758,The Simon–Ehrlich wager was a 1980 scientific wager between business professor Julian L,False,NO,5.0,NO,,,
759,"Hello 👋 bitches 👹 with 🤭 tight 🧿 ass 🍑 holes 🕳️, and 🌚 wet 💦 ass pusses 🤏😺, just 👻 wanted 🥴 to 2️⃣ let ⚜️ U 🫵 know 👁️👄👁️, that 😈 ur 🫶 hot 🥵 as 😶 HELL 🥵🥵🥵🥵 and 🤓☝️ that, you…..SLAYYYYYYYYYYYYYYYYYYAHHAHYYAYHAYYAYAYAHHHHHHHHHHHHH✨✨✨✨✨✨✨✨✨✨✨✨",True,NO,5.0,NO,39.0,0.0,39.0
760,Kabir Bedi (born 16 January 1946) is an Indian film actor,False,NO,1.0,NO,,,
761,"The Challenger Deep is the deepest known point of the seabed in the Earth's hydrosphere (the oceans and seas), with a depth of by direct measurement from deep-diving submersibles, remotely operated underwater vehicles, and benthic landers and (sometimes) slightly more by sonar bathymetry",False,NO,1.0,NO,,,
762,horny text chain for mitch mcconnell announcing his retirement pls🙏🙏🙏,True,NO,1.0,NO,11.0,0.0,11.0
763,"In mathematics, specifically category theory, a functor is a mapping between categories",False,NO,8.0,NO,,,
764,"Engaged friends request 💍✨💦 The homies just got engaged, request for some matrimony cummies??",True,NO,8.0,NO,10.0,0.0,10.0
765,[Request] Year of the dragon The one that's like GONG XI FA CAI IT'S YEAR OF THE...,True,NO,8.0,NO,11.0,0.0,11.0
766,Wedding celebration? Requesting copy pasta for my friends wedding,True,,8.0,NO,3.0,0.0,3.0
767,"In abstract algebra, the center of a group, , is the set of elements that commute with every element of",False,,8.0,NO,,,
768,"BearShare was a peer-to-peer file sharing application originally created by Free Peers, Inc",False,,8.0,NO,,,
769,"Hans Baldung (1484 or 1485 – September 1545), called Hans Baldung Grien, (being an early nickname, because of his predilection for the colour green), was an artist in painting and printmaking, engraver, draftsman, and stained glass artist, who was considered the most gifted student of Albrecht Dürer, whose art belongs to both German Renaissance and Mannerism",False,NO,1.0,NO,,,
770,"Edwin Austin Abbey (April 1, 1852August 1, 1911) was an American muralist, illustrator, and painter",False,NO,1.0,NO,,,
771,Simon Biles sweeping Olympics Do it for the goat,True,NO,1.0,NO,8.0,0.0,8.0
772,This is my William afton emoji art 🟪🟪🟪🟪🟪🟪🟪🟪🟪🟪 🟪🟪⬛⬛🟪🟪⬛⬛🟪🟪 🟪🟪⬛⬛🟪🟪⬛⬛🟪🟪 🟪🟪🟪🟪🟪🟪🟪🟪🟪🟪 🟪🟪🟪⬛⬛⬛⬛🟪🟪🟪 🟪🟪🟪🟪⬛⬛🟪🟪🟪🟪 🟪🟪 🟪🟪🟪🟪🟪 🟪🟪 🟪🟪 🟪🟪🟪🟪🟪 🟪🟪 🟪🟪 🟪🟪🟪🟪🟪 🟪🟪 🟪🟪 🟪🟪🟪🟪🟪 🟪🟪 🟪🟪🟪🟪🟪🟪🟪🟪 🟪🟪🟪🟪🟪🟪🟪 🟪🟪🟪 🟪🟪🟪 🟪🟪🟪 🟪🟪🟪 🟪🟪🟪 🟪🟪🟪 He is a real boy,True,NO,3.0,NO,8.0,0.0,8.0
773,i dont have a title for this one I NEVER ❌🚫 COUNTED MY 🔥👈 GAY 👎🌈 AM ☝ BECAUSE 📖 CHEERFUL CHINA CONSERVATIVE VIOLENCE 🗡 CHEERFUL 😄😁 STREET 🏙 GANGBANG 🔫 BEIJING. WHILE 🕑 SEX 😂🍆 BOY USA ➕💖 AND 💦 VERY 👤 GOOD ME 👈 IN ⬅😋 WELL BUT ❌🤓 IN 😩 EXTREMELY 🏆🔞 GUILTY CONSCIOUS WHILE 🙌 I 😡⏩ GET CLIMAX ORGASM. 💦 VERY ✅ GUILTY 😏 I 😂 GET PHONE 👉📱 AND REPENT ✝ HU JINTAO ANAL. 🍑,True,NO,3.0,NO,3.0,0.0,3.0
774,Developmental biology is the study of the process by which animals and plants grow and develop,False,NO,3.0,NO,,,
775,Anybody have anything for Shark Week?,True,NO,5.0,NO,13.0,0.0,13.0
776,Kappa is a letter of the Greek alphabet,False,NO,5.0,NO,,,
777,REQUEST: Dodgers win the World Series,True,NO,5.0,NO,6.0,0.0,6.0
778,Request: Henry Kissinger is dead,True,NO,8.0,,46.0,0.0,46.0
779,"Need a sticker Need a sticker I stumbled upon a sticker which is based on an emoji. In that, a cunning smile emoji is holding a mask to hide his evil smile. It is something of that kind. I have often seen that sticker, but now i can not find it. If anyone knows about it do help.",True,NO,8.0,,3.0,0.0,3.0
780,Happy birthday jimmy buffet 😋nibbling 🔛 on 🧽 sponge 🍰 cake 👀 watching ☀️ the sun👨‍🍳 bake 💐 all of those tulips covered with 🛢️ oil 🪕strumming 🙋‍♂️ my 6️⃣ six🧵string 🔛 on 🙋‍♂️ my 🏡 front porch💃 swing 👃smell of 🍤 shrimp they’re beginning to 🥘 boil 🥴 wasted🏃‍♂️away ⏰ again 📥 in 🍹🌆 Margaritaville 🕵️‍♂️ searching 4️⃣ for 📏 miles 🔛 on 🅰️ a 🧂shaker of salt 🧍‍♀️🧍🧍‍♂️some people 🛄 claim that there’s 🅰️ a 🙋‍♀️ woman 👮‍♂️ to blame 🍑 but 👁️ I 🧠 know 🙋‍♂️ it’s my own 🦫 damn ❌ fault,True,NO,8.0,,12.0,0.0,12.0
781,Birth of Child Birth of first child is impending. Bonus points for referring to it (unknown gender) as a sigma baby,True,YES,8.0,,12.0,0.0,12.0
782,"Grey Leno Whole Foods (Vinesauce) 8,000 dollars 💰💰 was stolen 💔 from 😬 a Whole 💯 Foods in 👇 New 👌🎉🤤 York. Luckily 🎱🍀 Whole 💯 foods will 😜⚽ make ✍✋ all 😆 that 😀 money 🙀 back ⬅ once 🔂 someone 👩 buys 🛍 an apple. 🍏",True,YES,8.0,,5.0,0.0,5.0
783,Kaliningrad Oblast () is the westernmost federal subject of Russia,False,YES,8.0,,,,
784,Help Can anyone🧑🏾👨🏿👱🏽👩🏽‍🦳🧔🏽help me with this emoji 😀 movie🎥 🍿riddle 🤷🏽‍♀️🤔? 🥣🐝🔍,True,NO,3.0,NO,2.0,0.0,2.0
785,Bday text for my friend Sky It’s my friend’s birthday 🎁 in a few days and would love if y’all could help me make a nasty raunchy emojipasta 🍆😂 lol their name is Sky ⛅️ and they use they/them pronouns 🏳️‍⚧️ and we also call them Twink Dad 🏳️‍🌈🧔🏻‍♂️ so if you could include that that would be awesome. They’re turning 2️⃣266️⃣ btw ❤️,True,NO,3.0,NO,4.0,0.0,4.0
786,The Pinchcliffe Grand Prix () is a Norwegian stop-motion-animated feature film directed by Ivo Caprino,False,NO,3.0,NO,,,
787,"Cable television is a system of delivering television programming to consumers via radio frequency (RF) signals transmitted through coaxial cables, or in more recent systems, light pulses through fibre-optic cables",False,NO,9.0,NO,,,
788,National GF day? One for national gf day,True,NO,9.0,NO,3.0,0.0,3.0
789,REQUEST: Bo Nix gets the starting QB job for the Denver Broncos,True,NO,9.0,NO,10.0,0.0,10.0
790,"In Greek mythology, Dryope (; Ancient Greek: Δρυόπη derived from δρῦς drys, ""oak""; dryope ""woodpecker"") is the name attributed to several distinct figures: Dryope, daughter of Dryops and mother of Amphissus by Apollo",False,NO,3.0,NO,,,
791,"Merseburg () is a town in central Germany located in the southern part of Saxony-Anhalt on the river Saale, approx",False,NO,3.0,NO,,,
792,"Fellatio (also known as fellation, and in slang as blowjob, BJ, giving head, or sucking off) is an oral sex act involving a person stimulating the penis of another person by using the mouth, throat, or both",False,NO,3.0,NO,,,
793,"Events Pre-1600 748 – Abbasid Revolution: The Hashimi rebels under Abu Muslim Khorasani take Merv, capital of the Umayyad province Khorasan, marking the consolidation of the Abbasid revolt",False,NO,1.0,NO,,,
794,A fallout shelter is an enclosed space specially designated to protect occupants from radioactive debris or fallout resulting from a nuclear explosion,False,NO,1.0,NO,,,
795,January 6th Pls pls pls 😂,True,NO,1.0,NO,4.0,0.0,4.0
796,JD Vance being announced as Trump’s running mate PLEASE🙏🙏🙏,True,NO,3.0,NO,31.0,0.0,31.0
797,"Ally McBeal is an American legal comedy-drama television series, originally aired on Fox from September 8, 1997, to May 20, 2002",False,NO,3.0,NO,,,
798,Request: Jimmy Carter's birthday,True,NO,3.0,NO,11.0,0.0,11.0
799,"Anyone got the emojified version of the popular saying ""90% gamblers quit before they hit big""",True,,,,8.0,0.0,8.0
800,Can anyone make a Cinco de Mayo post please???🙏,True,,,,3.0,0.0,3.0
801,National siblings day It’s today April 10th,True,,,,2.0,0.0,2.0
802,The direct examination or examination-in-chief is one stage in the process of adducing evidence from witnesses in a court of law,False,NO,8.0,NO,,,
803,Cologne ( ; ; ) is the largest city of Germany's most populous state of North Rhine-Westphalia (NRW) and the fourth-most populous city and one of the oldest in Germany,False,NO,8.0,NO,,,
804,Events Pre-1600 1132 – Battle of Nocera between Ranulf II of Alife and Roger II of Sicily,False,NO,8.0,NO,,,
