llm,category,variable,P(llm_classification=YES | Var=High),P(Funniness=High | Var=High)
chatgpt,Overall,offensiveness,0.5209580838323353,0.5838323353293413
chatgpt,Overall,originality,0.3524534686971235,0.31962774957698814
chatgpt,Overall,appropriateness,0.33322704081632654,0.29575892857142855
chatgpt,Overall,clarity,0.3276392736226531,0.29085872576177285
chatgpt,Overall,confidence,0.6840244294439087,0.5718418514946962
chatgpt,Overall,score,0.32306485355648534,0.28692468619246864
