llm,category,variable,P(llm_classification=YES | Var=High),P(Funniness=High | Var=High)
grok,III. NSFW Humor,offensiveness,0.6189151599443672,0.004172461752433936
grok,III. NSFW Humor,originality,0.5875706214689266,0.12994350282485875
grok,III. NSFW Humor,clarity,0.421455938697318,0.04707170224411604
grok,III. NSFW Humor,confidence,0.39992531740104553,0.03286034353995519
grok,III. NSFW Humor,score,0.3968949044585987,0.033837579617834394
