llm,category,variable,P(llm_classification=YES | Var=High),P(Funniness=High | Var=High)
grok,III. NSFW Humor,offensiveness,0.6138002059732235,0.057672502574665295
grok,III. NSFW Humor,originality,0.5260029717682021,0.06612184249628529
grok,III. NSFW Humor,appropriateness,0.3561946902654867,0.03938053097345133
grok,III. NSFW Humor,clarity,0.4148606811145511,0.03936311366651924
grok,III. NSFW Humor,confidence,0.39725519287833827,0.03301186943620178
grok,III. NSFW Humor,score,0.3976717987232445,0.03304543747653023
