llm,category,variable,P(llm_classification=YES | Var=High),P(Funniness=High | Var=High)
llama,III. NSFW Humor,offensiveness,0.45516304347826086,0.23233695652173914
llama,III. NSFW Humor,originality,0.4495677233429395,0.3900096061479347
llama,III. NSFW Humor,appropriateness,0.2777777777777778,0.17133520074696545
llama,III. NSFW Humor,clarity,0.3129685157421289,0.15254872563718141
llama,III. NSFW Humor,confidence,0.3284046692607004,0.15408560311284047
llama,III. NSFW Humor,score,0.314264207753105,0.1512984569062853
