llm,dataset,chi2_statistic,p_value,degrees_of_freedom,cramers_v
grok,reddit,589.5804978005624,4.122534108251048e-124,6,0.319878409355886
deepseek,reddit,96.33145147942808,1.4600429557013213e-18,6,0.20034496445654687
chatgpt,reddit,29.364805354945986,5.1888490140435165e-05,6,0.08360595700879703
llama,reddit,237.7765128334627,1.6750963111279235e-48,6,0.21261387592181893
