llm,confidence,valid_entries
grok,8.26217528404825,59937
deepseek,6.608371992663717,55614
chatgpt,6.191708261179587,117804
llama,8.031965529335137,59877
average,7.273555266806673,73308
