llm,accuracy,precision,recall,valid_entries
grok,0.7407333299984993,1.0,0.7407333299984993,59973
deepseek,0.3892540725921692,1.0,0.3892540725921692,52485
chatgpt,0.6355556687379036,1.0,0.6355556687379036,117804
llama,0.6554125131493262,1.0,0.6554125131493262,59889
average,0.6052388961194746,1.0,0.6052388961194746,72537
