llm,mismatch_percentage,valid_entries
grok,28.4197877027839,59916
deepseek,1.8929868678401789,42948
chatgpt,0.3426194069421218,73551
