llm,mismatch_percentage,valid_entries
grok,28.4197877027839,59916
deepseek,1.8929868678401789,42948
chatgpt,0.36932324698810526,117783
llama,15.16442751152998,59844
average,11.461631332285542,70122
