llm,dataset,group,count,funniness_mean,funniness_median,offensiveness_mean,offensiveness_median,originality_mean,originality_median,appropriateness_mean,appropriateness_median,clarity_mean,clarity_median,confidence_mean,confidence_median
grok,reddit,humor_classified,8703,3.877126654064272,4.0,2.3080557524214504,1.0,4.420741790692181,5.0,7.9166076068981805,9.0,6.93773629489603,8.0,8.433021806853583,8.0
deepseek,reddit,humor_classified,3594,6.552301255230126,7.0,2.5497907949790797,2.0,6.897907949790795,7.0,7.6460251046025105,9.0,8.403347280334728,9.0,8.161936560934892,8.0
chatgpt,reddit,humor_classified,6537,6.345232503522781,7.0,1.7759511507750116,2.0,5.491310474401128,6.0,6.989196806012212,8.0,8.235791451385627,8.0,8.11106011932079,8.0
llama,reddit,humor_classified,7863,4.583566878980892,6.0,2.0321019108280254,1.0,4.717324840764332,6.0,8.328535031847133,9.0,8.369044585987261,9.0,9.755055322396032,10.0
grok,colbert,humor_classified,44424,4.762057220708447,6.0,2.863623978201635,2.0,5.518596730245232,6.0,7.128133514986376,8.0,7.07824427480916,8.0,8.467955651703624,8.0
deepseek,colbert,humor_classified,20430,6.4782800765719335,7.0,2.5876895891621263,2.0,6.366219997054926,6.0,7.332793403033427,8.0,8.38639375644235,8.0,8.191042584434655,8.0
chatgpt,colbert,humor_classified,46653,5.902302546951376,7.0,1.8073707229225624,2.0,4.817404167738616,5.0,6.862168767687162,8.0,8.213982505788525,8.0,8.04822840974857,8.0
llama,colbert,humor_classified,39252,6.236628352490421,6.0,2.6425835121054244,1.0,5.887756665645112,6.0,7.472111553784861,9.0,8.241265706405148,9.0,9.750936472746732,10.0
