llm,dataset,d_prime,beta,hit_rate,false_alarm_rate,valid_entries
deepseek,ColBERT,-0.45240384969079805,2.544049596028146,0.9669531996179561,0.9889949109414758,52344
