llm,dataset,predictor,d_prime,beta,hit_rate,false_alarm_rate,valid_entries
chatgpt,Reddit,clarity,-0.7596419347110381,1.560808813235964,0.5817022212447768,0.8329508949059201,20178
