llm,dataset,d_prime,beta,hit_rate,false_alarm_rate,valid_entries
chatgpt,ColBERT,-0.24588569209607963,1.1372493930053162,0.6554642313546423,0.7408606692008072,73548
