llm,dataset,d_prime,beta,hit_rate,false_alarm_rate,valid_entries
grok,Reddit,-0.1432778257686545,1.0691417687992735,0.6535714285714286,0.7048007046905967,19284
