llm,dataset,d_prime,beta,hit_rate,false_alarm_rate,valid_entries
deepseek,Reddit,-0.4682332984281956,2.3851734200131487,0.9476386036960985,0.9817184643510055,16638
