llm,dataset,predictor,d_prime,beta,hit_rate,false_alarm_rate,valid_entries
grok,Reddit,originality,-2.8450458095334654,4.229710063856176,0.17993048747883433,0.9731603668083203,20163
