llm,dataset,d_prime,beta,hit_rate,false_alarm_rate,valid_entries
chatgpt,ColBERT,-0.3356887010148142,1.1222980586827738,0.569798917246713,0.6955173385959966,73548
