llm,dataset,d_prime,beta,hit_rate,false_alarm_rate,valid_entries
chatgpt,Reddit,-0.5799224143534638,2.4251490888409153,0.8920761147401306,0.9654348518636509,19575
