llm,dataset,predictor,d_prime,beta,hit_rate,false_alarm_rate,valid_entries
grok,ColBERT,offensiveness,-0.19993604241177224,1.0255076991159309,0.5103758358312197,0.5893788106388619,59973
