llm,dataset,d_prime,beta,hit_rate,false_alarm_rate,valid_entries
grok,Reddit,-2.172424181672198,14.792214040400301,0.5611650485436893,0.99,19284
