llm,dataset,group,count,funniness_mean,funniness_median,offensiveness_mean,offensiveness_median,originality_mean,originality_median,appropriateness_mean,appropriateness_median,clarity_mean,clarity_median,confidence_mean,confidence_median
grok,reddit,mismatch,2085,4.523833167825224,4.0,3.5695134061569016,2.0,5.545680238331678,6.0,6.278053624627606,8.0,6.408639523336643,7.0,8.035011990407673,8.0
deepseek,reddit,mismatch,78,5.705128205128205,6.0,5.730769230769231,7.0,5.5256410256410255,5.0,4.628205128205129,3.0,8.102564102564102,8.0,7.948717948717949,8.0
chatgpt,reddit,mismatch,13,3.923076923076923,4.0,3.4615384615384617,3.0,2.769230769230769,3.0,4.384615384615385,3.0,7.846153846153846,8.0,6.615384615384615,7.0
llama,reddit,mismatch,813,4.829028290282903,6.0,3.4059040590405902,1.0,5.565805658056581,6.0,6.53259532595326,8.0,7.34440344403444,8.0,8.523985239852399,8.0
grok,colbert,mismatch,7978,3.390430134894375,3.0,4.3757953677780606,4.0,4.478365996436752,4.0,5.585136166963604,6.0,6.213630573248408,7.0,8.101027826522937,8.0
deepseek,colbert,mismatch,466,5.816414686825054,6.0,5.617710583153348,6.0,5.278617710583154,5.0,4.427645788336933,4.0,8.079913606911447,8.0,7.9742489270386265,8.0
chatgpt,colbert,mismatch,94,3.9148936170212765,3.0,5.595744680851064,6.0,3.1808510638297873,3.0,2.5425531914893615,2.0,6.829787234042553,7.0,6.925531914893617,7.0
llama,colbert,mismatch,4255,3.5454330894500825,2.0,4.475123791558595,4.0,4.107050224003773,4.0,5.501532657392125,6.0,7.392360292383872,8.0,8.854994124559342,8.0
