,offensiveness,originality,appropriateness,clarity,confidence
grok,0.02665453481026611,-0.674560103414739,-0.052373423321730034,-0.46922694911798735,-0.2940658040824976
deepseek,0.15847352935588024,-0.5617769964554682,-0.11684545843621642,-0.16993830754605804,-0.05446401262332533
chatgpt,-0.003105085682314947,-0.4886709283210548,0.0652226421695025,-0.09702447529365321,-0.5453577501207257
llama,0.061454455278379186,-0.7732580645710497,-0.038961441963753535,-0.2228652497193142,-0.6208837662326889
