,offensiveness,originality,appropriateness,clarity,confidence
grok,0.00281679200005844,0.014089789493125426,0.0009041613988769592,0.015213915156045808,-0.01565580206961241
deepseek,-0.018665978637295567,0.09624780292235253,0.017243132988965737,0.0842313377166823,0.0799269981682954
chatgpt,-0.008779950685954096,0.28757835991461433,0.04080152598574484,0.1605825458225461,0.15886354273833692
llama,-0.1684793157119059,0.6209594350393016,0.15742707246155127,0.3006545830071264,0.4388735393451263
