,offensiveness,originality,appropriateness,clarity,confidence
grok,0.0029634369328989897,0.05641363629433099,-0.006050112727219368,0.010943069075122078,0.013245981895434744
deepseek,0.024524347224733054,0.11656291179242995,-0.0317576368844498,0.004658215499638367,0.07479979986494202
chatgpt,0.07291147688143373,0.2876993326740836,-0.04926841108136396,0.11938441136057361,0.27399640037829043
llama,0.04277476571537029,0.6688997957783409,-0.1232635522092572,-0.056294816643389665,0.09157015594602119
