,funniness,offensiveness,originality,appropriateness,clarity,confidence
grok,0.31733417260722185,0.1473807525157718,0.30382727892124384,-0.18117627411060094,0.007459620755671193,-0.0572568683744895
deepseek,0.7117403802413077,0.16933951051982418,0.5660950676312266,-0.21894406130781277,0.03872768433270506,0.453038960375916
chatgpt,0.7097044945076572,0.1539405870233307,0.5132182196679839,-0.12723950116144137,0.18158327371990968,0.9183155464236794
llama,0.32250334924584617,0.10022660269882927,0.30038543735924184,-0.13276598600731537,-0.10046658447501096,0.17862689834660048
