,funniness,offensiveness,originality,appropriateness,clarity,confidence
grok,0.5657305505487163,0.05144318431896672,0.5438923760309244,-0.021197662938557484,0.37256094167753434,0.46132913510068263
deepseek,0.6868745084958618,-0.15544559738311314,0.534119354048998,0.13559062783487247,0.4713264474236541,0.5855583620208239
chatgpt,0.6303418620320947,-0.12076300140940963,0.43738877946534055,0.14163440667616004,0.3035435438996294,0.9179939577983741
llama,0.7664985953002081,0.04560434210979206,0.6743142659886946,-0.08245043027112577,0.07166919922487366,0.7726716834113746
