,funniness,offensiveness,originality,appropriateness,clarity,confidence
grok,-0.5657305505487163,-0.051443184318966696,-0.5438923760309244,0.02119766293855747,-0.3725609416775343,-0.46132913510068263
deepseek,-0.6868745084958618,0.15544559738311314,-0.534119354048998,-0.13559062783487255,-0.47132644742365415,-0.5855583620208239
chatgpt,-0.6303418620320947,0.12076300140940963,-0.43738877946534055,-0.14163440667616004,-0.3035435438996294,-0.9179939577983741
llama,-0.7664985953002081,-0.045604342109792036,-0.6743142659886946,0.08245043027112577,-0.07166919922487368,-0.7726716834113746
