,funniness,offensiveness,originality,appropriateness,clarity,confidence
grok,-0.31733417260722174,-0.14738075251577176,-0.30382727892124384,0.18117627411060092,-0.007459620755671253,0.05725686837448948
deepseek,-0.7117403802413077,-0.16933951051982418,-0.5660950676312266,0.21894406130781283,-0.03872768433270507,-0.453038960375916
chatgpt,-0.7097044945076574,-0.15394058702333072,-0.5132182196679841,0.1272395011614414,-0.1815832737199097,-0.9183155464236794
llama,-0.32250334924584617,-0.10022660269882927,-0.30038543735924184,0.13276598600731537,0.10046658447501096,-0.17862689834660048
