,offensiveness,originality,appropriateness,clarity,confidence
grok,-0.3786747589345439,-0.9042572311103115,0.5227902230120812,-0.0038355506382980473,0.042323738076505565
deepseek,-0.3673870644406294,-0.8499133138329712,0.4613783252490825,0.34416780004360015,-0.35759179148748976
chatgpt,-0.3007150282796247,-0.7446627424860999,0.41318846758048006,0.1402200791247496,-0.699028382955501
llama,-0.18144949536364507,-0.8746111179096285,0.2936723040709885,0.2633822608593914,-0.07207614266103954
