dataset,llm,group,count,funniness_mean,funniness_median,offensiveness_mean,offensiveness_median,originality_mean,originality_median,appropriateness_mean,appropriateness_median,clarity_mean,clarity_median,confidence_mean,confidence_median
reddit,grok,mismatch,2014,4.523833167825224,4.0,3.5695134061569016,2.0,5.545680238331678,6.0,6.278053624627606,8.0,6.408639523336643,7.0,8.042701092353525,8.0
reddit,grok,non_mismatch,5337,4.181937418025107,6.0,2.0704515645493724,1.0,4.6316282555742925,5.0,8.168821435263256,9.0,7.132471425894697,8.0,8.68521641371557,9.0
reddit,deepseek,mismatch,78,5.705128205128205,6.0,5.730769230769231,7.0,5.5256410256410255,5.0,4.628205128205129,3.0,8.102564102564102,8.0,7.948717948717949,8.0
reddit,deepseek,non_mismatch,2304,6.569010416666667,7.0,2.3854166666666665,2.0,6.82421875,7.0,7.845052083333333,9.0,8.553385416666666,9.0,8.21484375,8.0
reddit,chatgpt,mismatch,13,3.923076923076923,4.0,3.4615384615384617,3.0,2.769230769230769,3.0,4.384615384615385,3.0,7.846153846153846,8.0,6.615384615384615,7.0
reddit,chatgpt,non_mismatch,6366,6.352968897266729,7.0,1.77191328934967,2.0,5.5,6.0,6.996229971724788,8.0,8.23704052780396,8.0,8.117813383600376,8.0
reddit,llama,mismatch,813,4.829028290282903,6.0,3.4059040590405902,1.0,5.565805658056581,6.0,6.53259532595326,8.0,7.34440344403444,8.0,8.523985239852399,8.0
reddit,llama,non_mismatch,6598,4.788269172476508,6.0,1.92831160957866,1.0,4.85071233707184,6.0,8.444680206123067,9.0,8.428008487420431,9.0,9.982722036980903,10.0
