,offensiveness,originality,appropriateness,clarity,confidence
grok,0.4836940882297386,0.9491930065794868,-0.774101173026179,-0.19805850442622705,-0.018751626317928313
deepseek,0.4961841718345351,0.9173121789236431,-0.5989704905740143,-0.4219683885822699,0.43991147433276995
chatgpt,0.5550252036562107,0.8721886117687693,-0.43836369564794264,-0.1104090745030136,0.7730181655753393
llama,0.4068711559859205,0.909406981149508,-0.6145520962814615,-0.4726525863055773,0.016131636185628764
