,offensiveness,originality,appropriateness,clarity,confidence
grok,-0.06960054481359434,0.8530561967565308,0.11099216408618817,0.6596959783542554,0.5964178851753049
deepseek,-0.05862924903042826,0.7427281614239433,0.10454260396027663,0.5386469270881324,0.4326530922570618
chatgpt,0.26165174382530093,0.7592766158535407,-0.025614981954310567,0.2988827945896351,0.643057548665045
llama,0.04382140025634811,0.7872448331279029,-0.028082668703305873,0.21669168167800548,0.7275536881471388
